deno	denoland/deno	https://github.com/denoland/deno	64452	3237	64452	1777	false	A secure JavaScript and TypeScript runtime
deno	denoland/deno	https://github.com/denoland/deno	64452	3237	64452	1777	false	A secure JavaScript and TypeScript runtime
TypeScript	microsoft/TypeScript	https://github.com/microsoft/TypeScript	61674	8271	61674	2131	false	TypeScript is a superset of JavaScript that compiles to clean JavaScript output.
lodash	lodash/lodash	https://github.com/lodash/lodash	45356	5011	45356	869	false	A modern JavaScript utility library delivering modularity, performance, & extras.
date-fns	date-fns/date-fns	https://github.com/date-fns/date-fns	22700	1015	22700	226	false	‚è≥ Modern JavaScript date utility library ‚åõÔ∏è
ramda	ramda/ramda	https://github.com/ramda/ramda	19082	1221	19082	288	false	:ram: Practical functional Javascript
Fuse	krisk/Fuse	https://github.com/krisk/Fuse	10888	584	10888	140	false	Lightweight fuzzy-search, in JavaScript
ky	sindresorhus/ky	https://github.com/sindresorhus/ky	5655	199	5655	47	false	üå≥ Tiny & elegant HTTP client based on window.fetch
i18next	i18next/i18next	https://github.com/i18next/i18next	5054	504	5054	84	false	 i18next: learn once - translate everywhere
effector	zerobias/effector	https://github.com/zerobias/effector	2567	98	2567	39	false	The state manager ‚òÑÔ∏è
oak	oakserver/oak	https://github.com/oakserver/oak	1925	115	1925	34	false	A middleware framework for Deno's net server ü¶ï
omelette	f/omelette	https://github.com/f/omelette	1116	29	1116	23	false	Omelette is a simple, template based autocompletion tool for Node and Deno projects with super easy API. (For Bash, Zsh and Fish)
deno_std	denoland/deno_std	https://github.com/denoland/deno_std	1041	123	1041	44	true	deno standard modules
deno_install	denoland/deno_install	https://github.com/denoland/deno_install	655	85	655	34	false	Deno Binary Installer
servest	keroxp/servest	https://github.com/keroxp/servest	550	31	550	12	false	üåæA progressive http server for Denoüåæ
deno-drash	drashland/deno-drash	https://github.com/drashland/deno-drash	475	16	475	17	false	A REST microframework for Deno's HTTP server with zero dependencies.
webview_deno	webview/webview_deno	https://github.com/webview/webview_deno	406	30	406	16	false	Deno bindings for webview, a tiny library for creating web-based desktop GUIs
abc	zhmushan/abc	https://github.com/zhmushan/abc	386	42	386	19	false	A better Deno framework to create web application.
deno-lambda	hayd/deno-lambda	https://github.com/hayd/deno-lambda	372	14	372	10	false	A deno runtime for AWS Lambda. Deploy deno via SAM, serverless, or bundle it yourself.
alosaur	alosaur/alosaur	https://github.com/alosaur/alosaur	369	33	369	16	false	Alosaur - Deno web framework with many decorators
denon	denosaurs/denon	https://github.com/denosaurs/denon	364	20	364	6	false	üëÄ Monitor any changes in your Deno application and automatically restart.
pagic	xcatliu/pagic	https://github.com/xcatliu/pagic	320	26	320	14	false	The easiest way to generate static html page from markdown, built with Deno! ü¶ï
deno-nessie	halvardssm/deno-nessie	https://github.com/halvardssm/deno-nessie	318	12	318	6	false	A Deno modular library for PostgreSQL, MySQL, MariaDB and SQLite migrations
autopilot-deno	divy-work/autopilot-deno	https://github.com/divy-work/autopilot-deno	267	5	267	5	false	:rocket: Cross-platform desktop automation library for Deno.
velociraptor	umbopepato/velociraptor	https://github.com/umbopepato/velociraptor	256	12	256	2	false	An alternative to npm scripts for Deno
deno-postgres	deno-postgres/deno-postgres	https://github.com/deno-postgres/deno-postgres	251	35	251	9	false	PostgreSQL driver for Deno
pogo	sholladay/pogo	https://github.com/sholladay/pogo	245	23	245	15	false	Server framework for Deno
deno-redis	denolib/deno-redis	https://github.com/denolib/deno-redis	197	16	197	7	false	ü¶ï Redis client for Deno üçï
monads	hqoss/monads	https://github.com/hqoss/monads	169	9	169	6	false	üëª Type safe Option, Result, and Either types; inspired by Rust
evt	garronej/evt	https://github.com/garronej/evt	162	2	162	7	false	üíßEventEmitter's typesafe replacement
enum	adrai/enum	https://github.com/adrai/enum	160	29	160	8	false	Enum is a javascript module that introduces the Enum Type. It works for node.js, in the browser and for deno.
deno_mongo	manyuanrong/deno_mongo	https://github.com/manyuanrong/deno_mongo	136	29	136	5	false	MongoDB driver for Deno
deno-wasi	caspervonb/deno-wasi	https://github.com/caspervonb/deno-wasi	133	7	133	3	false	A (WIP) WebAssembly System Interface implementation for Deno
denodb	eveningkid/denodb	https://github.com/eveningkid/denodb	130	7	130	6	false	MySQL, SQLite, MariaDB, PostgreSQL and MongoDB ORM for Deno
deno_mysql	manyuanrong/deno_mysql	https://github.com/manyuanrong/deno_mysql	122	27	122	10	false	 MySQL driver for Deno
deno-sqlite	dyedgreen/deno-sqlite	https://github.com/dyedgreen/deno-sqlite	99	9	99	7	false	Deno SQLite module
type-detect	chaijs/type-detect	https://github.com/chaijs/type-detect	90	28	90	13	false	Improved typeof detection for node.js and the browser.
otpauth	hectorm/otpauth	https://github.com/hectorm/otpauth	83	14	83	6	false	One Time Password (HOTP/TOTP) library for Node.js, Deno and browsers.
computed-types	neuledge/computed-types	https://github.com/neuledge/computed-types	79	5	79	5	false	ü¶© Joi like validations for TypeScript
opine	asos-craigmorten/opine	https://github.com/asos-craigmorten/opine	76	4	76	6	false	Fast, minimalist web framework for Deno ported from ExpressJS.
denox	BentoumiTech/denox	https://github.com/BentoumiTech/denox	74	5	74	1	false	Script runner and workspace configuration for Deno
keycode-js	kabirbaidhya/keycode-js	https://github.com/kabirbaidhya/keycode-js	72	7	72	7	false	A javascript package with key code constants.
deno-fen	fen-land/deno-fen	https://github.com/fen-land/deno-fen	71	2	71	9	false	a simple web framework for deno
dejs	syumai/dejs	https://github.com/syumai/dejs	70	2	70	6	false	ejs template engine for deno.
denovel	fauzan121002/denovel	https://github.com/fauzan121002/denovel	68	15	68	7	false	A Deno Framework For Web Artisan - Inspired by Laravel
text-clipper	arendjr/text-clipper	https://github.com/arendjr/text-clipper	66	8	66	3	false	Fast and correct clip functions for HTML and plain text
Discordeno	Skillz4Killz/Discordeno	https://github.com/Skillz4Killz/Discordeno	64	10	64	5	false	Discord API library wrapper in Deno https://discordeno.netlify.app
coward	fox-cat/coward	https://github.com/fox-cat/coward	64	7	64	9	false	üêî Coward is a Deno module for easy interaction with the Discord API.
nexo	nexojs/nexo	https://github.com/nexojs/nexo	64	1	64	2	false	Preact apps with Deno
easy-soap-request	circa10a/easy-soap-request	https://github.com/circa10a/easy-soap-request	63	30	63	5	false	Small Node.js library to make SOAP requests easier
Katana	ansonfoong/Katana	https://github.com/ansonfoong/Katana	61	18	61	5	false	Deno Discord API primarily based on Discord.JS ‚ñ¨‚ñ¨Œπ‚ïê‚ïê‚ïê‚ïê‚ïê‚ïê‚ïêÔ∫§ 
denotrain	Caesar2011/denotrain	https://github.com/Caesar2011/denotrain	61	10	61	3	false	Web framework for Deno with often-used functions included
dataformsjs	dataformsjs/dataformsjs	https://github.com/dataformsjs/dataformsjs	59	9	59	5	false	üåü DataFormsJS üåü A minimal JavaScript Framework and standalone components for rapid development of high quality websites and single page applications.
deno-udd	hayd/deno-udd	https://github.com/hayd/deno-udd	58	3	58	4	false	Update Deno Dependencies - update dependency urls to their latest published versions
dso	manyuanrong/dso	https://github.com/manyuanrong/dso	57	12	57	5	false	Simple Orm library for Deno based on deno_mysql
denofun	galkowskit/denofun	https://github.com/galkowskit/denofun	57	9	57	5	false	Small utility library containing functions, monads and other fun stuff.
graphql-projects	CreatCodeBuild/graphql-projects	https://github.com/CreatCodeBuild/graphql-projects	57	2	57	4	false	Deno + GraphQL === Make API Great Again 
azure-functions-deno-worker	anthonychu/azure-functions-deno-worker	https://github.com/anthonychu/azure-functions-deno-worker	56	5	56	1	false	Run Deno ü¶ï on Azure Functions ‚ö°Ô∏è
deno-dotenv	pietvanzoen/deno-dotenv	https://github.com/pietvanzoen/deno-dotenv	53	8	53	3	false	Dotenv file handling for deno.
drake	srackham/drake	https://github.com/srackham/drake	50	1	50	1	false	Drake is a make-like task runner for Deno.
noble-ed25519	paulmillr/noble-ed25519	https://github.com/paulmillr/noble-ed25519	43	5	43	1	false	Noble ed25519 + ristretto255. Fast, high-security, easily auditable, 0-dep, 1-file pubkey, scalarmult & EDDSA
dem	syumai/dem	https://github.com/syumai/dem	43	1	43	2	false	A module version manager for Deno.
noble-bls12-381	paulmillr/noble-bls12-381	https://github.com/paulmillr/noble-bls12-381	42	9	42	3	false	Noble BLS12-381 pairing-friendly curve in JS. High-security, easily auditable, 0-dep aggregated signatures & pubkey
denomander	siokas/denomander	https://github.com/siokas/denomander	42	2	42	4	false	Deno command-line interfaces made easy
deno-watch	jinjor/deno-watch	https://github.com/jinjor/deno-watch	40	5	40	1	false	A pure deno file watcher.
noble-secp256k1	paulmillr/noble-secp256k1	https://github.com/paulmillr/noble-secp256k1	40	3	40	2	false	Noble secp256k1. Fast, high-security, easily auditable, 0-dep, 1-file pubkey & ECDSA signature scheme
aqua	l2ig/aqua	https://github.com/l2ig/aqua	37	4	37	1	false	A minimal and fast web framework for Deno
djwt	timonson/djwt	https://github.com/timonson/djwt	37	2	37	4	false	the absolute minimum to make JSON Web Tokens in deno. Based on JWT and JWS specifications.
i18next-http-backend	i18next/i18next-http-backend	https://github.com/i18next/i18next-http-backend	36	12	36	4	false	i18next-http-backend is a backend layer for i18next using in Node.js, in the browser and for Deno.
denomon	remy/denomon	https://github.com/remy/denomon	36	0	36	6	false	Port of nodemon to deno
reno	reno-router/reno	https://github.com/reno-router/reno	34	3	34	2	false	A thin, testable routing library designed to sit on top of Deno's standard HTTP module
mandarinets	mandarineorg/mandarinets	https://github.com/mandarineorg/mandarinets	34	2	34	3	false	Mandarine.TS is a framework that allows you to create applications. Mandarine.TS provides a range of built-in solutions such as Dependency Injection, Components, ORM and more. Under its umbrella, Mandarine.TS has 4 modules: Core, Data, Security and MVC, these modules will offer you the requirements to build a Mandarine-powered application.
cli-spinners	ameerthehacker/cli-spinners	https://github.com/ameerthehacker/cli-spinners	33	3	33	2	false	Awesome deno terminal spinners :art:
i18next-locize-backend	locize/i18next-locize-backend	https://github.com/locize/i18next-locize-backend	32	17	32	2	false	A simple i18next backend for locize.com which can be used in Node.js, in the browser and for Deno.
rubico	a-synchronous/rubico	https://github.com/a-synchronous/rubico	32	3	32	3	false	üèû [a]synchronous functional syntax
denoliver	joakimunge/denoliver	https://github.com/joakimunge/denoliver	31	0	31	1	false	A simple, dependency free static file server for Deno with possibly the worst name ever.
rimu	srackham/rimu	https://github.com/srackham/rimu	30	4	30	6	false	Readable text to HTML markup language
deno_brotli	denosaurs/deno_brotli	https://github.com/denosaurs/deno_brotli	30	3	30	3	false	üóú Brotli wasm module for deno
deku	yisar/deku	https://github.com/yisar/deku	30	3	30	2	false	‚õÑÔ∏è No-bundle Dev Server for ES modules with deno.
nanoid	ianfabs/nanoid	https://github.com/ianfabs/nanoid	30	2	30	1	false	A NanoID implementation for Deno
dex	denjucks/dex	https://github.com/denjucks/dex	29	1	29	1	false	Dex: An SQL query builder port of Knex for Deno
deno-imagemagick	leonelv/deno-imagemagick	https://github.com/leonelv/deno-imagemagick	29	1	29	1	false	Deno port of the WASM library for ImageMagick
parseargs	bartlomieju/parseargs	https://github.com/bartlomieju/parseargs	29	1	29	0	false	Migrated to https://github.com/denoland/deno_std
jurassic	oknoorap/jurassic	https://github.com/oknoorap/jurassic	28	2	28	2	false	A Straightforward REST API Framework for Deno
espresso	disizali/espresso	https://github.com/disizali/espresso	26	9	26	5	false	Minimal web framework for Deno
cotton	rahmanfadhil/cotton	https://github.com/rahmanfadhil/cotton	26	4	26	5	false	SQL Database Toolkit for Deno
destr	nuxt-contrib/destr	https://github.com/nuxt-contrib/destr	26	1	26	2	false	Faster, secure and convenient alternative for JSON.parse
deno-pretty-assert	bokuweb/deno-pretty-assert	https://github.com/bokuweb/deno-pretty-assert	26	1	26	0	true	ü¶ïA colorful assertEqual for deno
Trex	crewdevio/Trex	https://github.com/crewdevio/Trex	26	0	26	1	false	Package Manager like npm for deno üê±‚Äçüêâ
deno-cliffy	c4spar/deno-cliffy	https://github.com/c4spar/deno-cliffy	25	3	25	2	false	Command line framework for deno.
deno-plugin-prepare	manyuanrong/deno-plugin-prepare	https://github.com/manyuanrong/deno-plugin-prepare	24	8	24	1	false	A library for managing deno native plugin dependencies
sql-builder	manyuanrong/sql-builder	https://github.com/manyuanrong/sql-builder	24	5	24	2	false	SQL query builder for Deno
dinocord	sunsetkookaburra/dinocord	https://github.com/sunsetkookaburra/dinocord	24	4	24	3	false	A Discord API Library for Deno ü¶ï
deno-task-runner	jinjor/deno-task-runner	https://github.com/jinjor/deno-task-runner	24	4	24	1	false	Task runner for deno
fastro	fastrodev/fastro	https://github.com/fastrodev/fastro	24	1	24	3	false	fast & simple web framework for deno
Denocord	Denocord/Denocord	https://github.com/Denocord/Denocord	23	1	23	2	false	A fast, strongly typed and versatile Discord API wrapper for the Deno runtime.
deno-smtp	manyuanrong/deno-smtp	https://github.com/manyuanrong/deno-smtp	22	5	22	1	false	SMTP implements for deno
rhinoder	Caesar2011/rhinoder	https://github.com/Caesar2011/rhinoder	22	5	22	1	false	Reloads a deno application on file change
dep	denodep/dep	https://github.com/denodep/dep	22	1	22	3	false	Deno dependency management tool.
Attain	aaronwlee/Attain	https://github.com/aaronwlee/Attain	22	1	22	1	false	Deno API middleware Server
deno_cron	rbrahul/deno_cron	https://github.com/rbrahul/deno_cron	22	0	22	1	false	A cron Job scheduler for Deno that allows you to write human readable cron syntax with tons of flexibility
Oak-GraphQL	aaronwlee/Oak-GraphQL	https://github.com/aaronwlee/Oak-GraphQL	21	2	21	2	false	A simple graphql middleware for oak deno framework.
run_exclusive	garronej/run_exclusive	https://github.com/garronej/run_exclusive	21	0	21	1	false	‚ö°üîí Generate functions that do not allow parallel executions üîí ‚ö°
expect	allain/expect	https://github.com/allain/expect	20	6	20	1	false	helpers for writing jest like expect tests in deno
dactyl	liamtan28/dactyl	https://github.com/liamtan28/dactyl	20	5	20	1	false	Web framework for Deno, built on top of Oak ü¶á
router	zhmushan/router	https://github.com/zhmushan/router	19	0	19	1	false	A high-performance basic router works anywhere.
deno-is	justjavac/deno-is	https://github.com/justjavac/deno-is	19	0	19	1	false	Detect the running environment and context of the current script
deno_types	Soremwar/deno_types	https://github.com/Soremwar/deno_types	18	3	18	2	false	A curated list for compatible NPM libraries and their definition files for its use with Deno
soxa	fakoua/soxa	https://github.com/fakoua/soxa	17	4	17	2	false	Promise based HTTP client for the deno
rhum	drashland/rhum	https://github.com/drashland/rhum	17	2	17	3	false	A lightweight testing framework for Deno.
denjucks	denjucks/denjucks	https://github.com/denjucks/denjucks	17	2	17	1	false	Deno templating engine
dev_server	zhmushan/dev_server	https://github.com/zhmushan/dev_server	17	1	17	2	false	Feel free to import TypeScript files in the script tag!
i18next-http-middleware	i18next/i18next-http-middleware	https://github.com/i18next/i18next-http-middleware	15	6	15	3	false	i18next-http-middleware is a middleware to be used with Node.js web frameworks like express or Fastify and also for Deno.
cordeno	cordeno/cordeno	https://github.com/cordeno/cordeno	15	4	15	1	false	ü¶ï A Discord API wrapper for developing discord bots using the Deno runtime.
dexecutor	denjucks/dexecutor	https://github.com/denjucks/dexecutor	15	1	15	1	false	Deno SQL Executor
saur	tubbo/saur	https://github.com/tubbo/saur	15	0	15	2	false	a rapid web development framework for deno
denova	viandwi24/denova	https://github.com/viandwi24/denova	14	2	14	4	false	a Typescript Framework For Deno - Framework Looks Like Laravel
deno_math	axetroy/deno_math	https://github.com/axetroy/deno_math	14	2	14	2	false	Deno module for high-precision calculations and scientific computing
sockets	drashland/sockets	https://github.com/drashland/sockets	14	1	14	4	false	A WebSocket library for Deno.
deno-websocket	ryo-ma/deno-websocket	https://github.com/ryo-ma/deno-websocket	14	1	14	1	false	ü¶ï A simple WebSocket library like ws of node.js library for deno
lazy	luvies/lazy	https://github.com/luvies/lazy	14	1	14	1	false	A linq-like lazy-evaluation enumerable/iteration library that aims to support deno, node & browser
denogram	denogram/denogram	https://github.com/denogram/denogram	13	2	13	2	false	A Telegram Bot framework for Deno ü¶ï
dinja	denjucks/dinja	https://github.com/denjucks/dinja	13	0	13	2	false	Deno web framework
deno_gui	fakoua/deno_gui	https://github.com/fakoua/deno_gui	12	2	12	2	false	Deno Web GUI
ask	jozsefsallai/ask	https://github.com/jozsefsallai/ask	12	2	12	2	false	interactive command-line prompts for deno
Fae	Jozty/Fae	https://github.com/Jozty/Fae	12	1	12	2	false	A functional module for Deno inspired from Ramda.
superdeno	asos-craigmorten/superdeno	https://github.com/asos-craigmorten/superdeno	12	1	12	1	false	Super-agent driven library for testing Deno HTTP servers.
deno_sqlite_plugin	crabmusket/deno_sqlite_plugin	https://github.com/crabmusket/deno_sqlite_plugin	12	1	12	1	false	Bindings to rusqlite for Deno
graphql_abc	danielrearden/graphql_abc	https://github.com/danielrearden/graphql_abc	12	0	12	3	false	GraphQL ABC - a GraphQL middleware for the abc web framework
yolk	denjucks/yolk	https://github.com/denjucks/yolk	12	0	12	2	false	Yolk CLI - An Oak-based, batteries included CLI tool for the Oak framework, used to quickly create, structure, and run Oak applications.
pgc4d	jakajancar/pgc4d	https://github.com/jakajancar/pgc4d	12	0	12	2	false	A full-featured PostgreSQL Client for Deno
deno_mod	motss/deno_mod	https://github.com/motss/deno_mod	12	0	12	2	false	Deno modules
ms	denolib/ms	https://github.com/denolib/ms	11	3	11	8	false	Tiny milisecond conversion utility. Ported from https://npmjs.com/ms
Upload-middleware-for-Oak-Deno-framework	hviana/Upload-middleware-for-Oak-Deno-framework	https://github.com/hviana/Upload-middleware-for-Oak-Deno-framework	11	2	11	1	false	This middleware automatically organizes uploads to avoid file system problems and create dirs if not exists, perform validations and optimizes ram usage when uploading big files using Deno standard libraries!
deno_slugify	jcardama/deno_slugify	https://github.com/jcardama/deno_slugify	11	2	11	1	false	A string slugifier
deno-amqp	lenkan/deno-amqp	https://github.com/lenkan/deno-amqp	11	2	11	1	false	
deno-argon2	fdionisi/deno-argon2	https://github.com/fdionisi/deno-argon2	11	1	11	2	false	Argon2 encryption library for Deno
MQTT.ts	jdiamond/MQTT.ts	https://github.com/jdiamond/MQTT.ts	11	1	11	1	false	MQTT in TypeScript for Deno, Node.js, and browsers
snowlight	trylix/snowlight	https://github.com/trylix/snowlight	11	0	11	3	false	Snowlight is a web application server framework for Deno ü¶ï
ako	ako-deno/ako	https://github.com/ako-deno/ako	11	0	11	3	false	Expressive HTTP middleware framework for deno using async functions. Aiming to port Koa to Deno.
deno_vscode_languageserver	denodev/deno_vscode_languageserver	https://github.com/denodev/deno_vscode_languageserver	11	0	11	1	false	Language server protocol implementation for VSCode. This allows implementing language services in JS/TS running on Deno.
deno_vscode_languageserver	denodev/deno_vscode_languageserver	https://github.com/denodev/deno_vscode_languageserver	11	0	11	1	false	Language server protocol implementation for VSCode. This allows implementing language services in JS/TS running on Deno.
deno_vscode_languageserver	denodev/deno_vscode_languageserver	https://github.com/denodev/deno_vscode_languageserver	11	0	11	1	false	Language server protocol implementation for VSCode. This allows implementing language services in JS/TS running on Deno.
dynamodb	chiefbiiko/dynamodb	https://github.com/chiefbiiko/dynamodb	10	6	10	1	false	deno <3 dynamodb
cors	tajpouria/cors	https://github.com/tajpouria/cors	10	4	10	1	false	Deno.js module for providing a middleware that can be used to enable CORS with various options
view-engine	deligenius/view-engine	https://github.com/deligenius/view-engine	10	3	10	1	false	üöÄA Template View Engine for Deno frameworks
drun	MarcHanin/drun	https://github.com/MarcHanin/drun	10	2	10	0	false	
bwt	chiefbiiko/bwt	https://github.com/chiefbiiko/bwt	10	1	10	3	false	Better Web Token - an iteration of web tokens with a bunch of improvements
deno-uuid	lucascaro/deno-uuid	https://github.com/lucascaro/deno-uuid	10	1	10	1	false	Deprecated! UUID is part of the deno standard library
flowed	danielduarte/flowed	https://github.com/danielduarte/flowed	10	0	10	6	false	A fast and reliable flow engine for orchestration in Node.js, Deno and the browser
casualdb	campvanilla/casualdb	https://github.com/campvanilla/casualdb	10	0	10	3	false	Simple JSON "database" for Deno with type-safety! ‚ö°Ô∏è
graphql-deno	adelsz/graphql-deno	https://github.com/adelsz/graphql-deno	10	0	10	2	false	GraphQL-JS ported to Deno
deno-bcrypt	JamesBroadberry/deno-bcrypt	https://github.com/JamesBroadberry/deno-bcrypt	10	0	10	1	false	A port of jBCrypt to TypeScript for use as a Deno module
deno-zip	hayd/deno-zip	https://github.com/hayd/deno-zip	9	4	9	1	false	A JSZip wrapper for handling zipfiles in deno
iam-policies	roggervalf/iam-policies	https://github.com/roggervalf/iam-policies	9	4	9	1	false	Iam policies implementation for create roles and manage permissions
event_emitter	denolibs/event_emitter	https://github.com/denolibs/event_emitter	9	3	9	3	false	A NodeJS-like EventEmitter for Deno in Typescript.
deno_graphql	cvng/deno_graphql	https://github.com/cvng/deno_graphql	9	3	9	2	false	GraphQL HTTP middlewares for Deno server frameworks.
middleware	oakserver/middleware	https://github.com/oakserver/middleware	9	3	9	1	false	A collection of middleware to use with oak. ü¶ï
deno-cef	denjucks/deno-cef	https://github.com/denjucks/deno-cef	9	2	9	3	false	The Chromium Embedded Framework for Deno.
dpx	denorg/dpx	https://github.com/denorg/dpx	9	1	9	5	false	üì¶ CLI to run a Deno package without installing it (like npx for Deno)
denoget	syumai/denoget	https://github.com/syumai/denoget	9	1	9	1	false	A tool to install executable deno script.
sf	txthinking/sf	https://github.com/txthinking/sf	9	0	9	2	false	 A stupid javascript web framework for deno
core	levo-framework/core	https://github.com/levo-framework/core	9	0	9	2	false	Server side rendering with The Elm Architecture in Deno
noble-ripemd160	paulmillr/noble-ripemd160	https://github.com/paulmillr/noble-ripemd160	9	0	9	1	false	Noble RIPEMD160. High-security, easily auditable, 0-dep, 1-file hash function
session	denjucks/session	https://github.com/denjucks/session	8	3	8	1	false	Sessions for deno web frameworks
deno-semver	justjavac/deno-semver	https://github.com/justjavac/deno-semver	8	2	8	1	false	The semver parser for Deno (a fork of node-semver using TypeScript) 
cursornext	clitetailor/cursornext	https://github.com/clitetailor/cursornext	8	2	8	1	false	A minimalist library for parsing :cactus:
deno-args	KSXGitHub/deno-args	https://github.com/KSXGitHub/deno-args	8	2	8	1	false	Extensible CLI arguments parser for Deno with intelligent TypeScript inference
i18next-fs-backend	i18next/i18next-fs-backend	https://github.com/i18next/i18next-fs-backend	8	1	8	3	false	i18next-fs-backend is a backend layer for i18next using in Node.js and for Deno to load translations from the filesystem.
dpm-cli	dpmland/dpm-cli	https://github.com/dpmland/dpm-cli	8	1	8	2	false	Deno Package Manager CLI
gardens	partheseas/gardens	https://github.com/partheseas/gardens	8	0	8	2	false	A useful logging utility for JavaScript everywhere. üéâ
wasm_gzip	manyuanrong/wasm_gzip	https://github.com/manyuanrong/wasm_gzip	8	0	8	1	false	Gzip encryption and decryption wasm implementation, support Deno
supreme_api	desire/supreme_api	https://github.com/desire/supreme_api	8	0	8	1	false	Unofficial Supreme API wrapper for monitoring products.
rad	cdaringe/rad	https://github.com/cdaringe/rad	8	0	8	1	false	general purpose build tool. statically typed, batteries included. command, function, and make-style tasks supported
FluffCord	Timeraa/FluffCord	https://github.com/Timeraa/FluffCord	8	0	8	1	false	Discord API Wrapper for deno
deno-ci	justjavac/deno-ci	https://github.com/justjavac/deno-ci	8	0	8	1	false	Get environment variables exposed by CI services
deno-clipboard	rsp/deno-clipboard	https://github.com/rsp/deno-clipboard	7	4	7	1	false	The clipboard copy/paste API for Deno
denv	crowlKats/denv	https://github.com/crowlKats/denv	7	3	7	2	false	A module similar to dotEnv, but for Deno
deno-debug	rista404/deno-debug	https://github.com/rista404/deno-debug	7	2	7	1	false	Debugging utility for deno. Ported from https://npmjs.com/debug
snelm	denjucks/snelm	https://github.com/denjucks/snelm	7	1	7	1	false	Snelm: improved security middleware for deno web frameworks, derived from helmet for Node.
deno-emacs	rclarey/deno-emacs	https://github.com/rclarey/deno-emacs	7	1	7	1	false	A collection of utilities to allow for development with deno in emacs!
qrcode	denorg/qrcode	https://github.com/denorg/qrcode	7	0	7	5	false	üìá Generate QR code images in Deno
ts-prove	Pingid/ts-prove	https://github.com/Pingid/ts-prove	7	0	7	2	false	A lightweight composable decoding and validation library
deno-correiobr	rafaelferres/deno-correiobr	https://github.com/rafaelferres/deno-correiobr	7	0	7	2	false	Complete module to consult information about the zip code, calculate the price and delivery times of orders and also perform their tracking
algebra	denosaurs/algebra	https://github.com/denosaurs/algebra	7	0	7	2	false	‚ûó Powerful math library for Deno (WIP)
superoak	asos-craigmorten/superoak	https://github.com/asos-craigmorten/superoak	7	0	7	1	false	HTTP assertions for Oak made easy via SuperDeno.
parry	denosaurs/parry	https://github.com/denosaurs/parry	7	0	7	1	false	üë∑üèΩ‚Äç‚ôÇÔ∏è Run deno functions in WebWorkers
deno-notify	divy-work/deno-notify	https://github.com/divy-work/deno-notify	7	0	7	1	false	Cross-platform system notification with Deno :rocket:
mock	udibo/mock	https://github.com/udibo/mock	7	0	7	1	false	This module provides utilities to help mock behavior and spy on function calls for tests.
jpeg.ts	fakoua/jpeg.ts	https://github.com/fakoua/jpeg.ts	7	0	7	1	false	A pure TypeScript JPEG encoder and decoder for deno
Houston	MartonDev/Houston	https://github.com/MartonDev/Houston	7	0	7	1	false	An advanced Deno logger, like Winston for Nodejs, with no dependencies
gentleRpc	timonson/gentleRpc	https://github.com/timonson/gentleRpc	7	0	7	1	false	JSON-RPC 2.0 TypeScript library for deno and browser
deno_di	luvies/deno_di	https://github.com/luvies/deno_di	7	0	7	1	false	A dependency injection (IoC) module for deno
deligenius	deligenius/deligenius	https://github.com/deligenius/deligenius	7	0	7	1	false	Lightweight Deno middleware framework
berror	baptistemarchand/berror	https://github.com/baptistemarchand/berror	7	0	7	1	false	Rich Errors including chain of causes, metadata, easy logging and TypeScript definitions.
actdb	searchableguy/actdb	https://github.com/searchableguy/actdb	7	0	7	1	true	Act is a simple nosql reactive database.
deno-structured-logging	Yamboy1/deno-structured-logging	https://github.com/Yamboy1/deno-structured-logging	7	0	7	0	false	A structured logging module for Deno
CatYou-Deno	SuperC03/CatYou-Deno	https://github.com/SuperC03/CatYou-Deno	6	3	6	1	false	Every Framework Needs a Cat API
statistics	ergenekonyigit/statistics	https://github.com/ergenekonyigit/statistics	6	1	6	2	false	Deno basic statistics module.
descord	TheDrone7/descord	https://github.com/TheDrone7/descord	6	1	6	2	false	A discord API wrapper written using TypeScript for deno.
transport	SASNOVACAT08/transport	https://github.com/SASNOVACAT08/transport	6	1	6	1	false	ü¶ï WebSocket for Deno ü¶ï
csp	CreatCodeBuild/csp	https://github.com/CreatCodeBuild/csp	6	1	6	1	false	Communicating Sequential Process in JavaScript that runs in Browser, Node and Deno
deno-tar	divy-work/deno-tar	https://github.com/divy-work/deno-tar	6	0	6	2	true	TAR archive management in Deno :package:
deno_lz4	denosaurs/deno_lz4	https://github.com/denosaurs/deno_lz4	6	0	6	2	false	üóú lz4 wasm module for deno
Commands	buttercubz/Commands	https://github.com/buttercubz/Commands	6	0	6	2	false	üåà Create commands shortcuts for node js and deno
async-ray-deno	rpgeeganage/async-ray-deno	https://github.com/rpgeeganage/async-ray-deno	6	0	6	2	false	Provide async/await callbacks for every, find, findIndex, filter, forEach, map, reduce, reduceRight and some methods in Array.
due	lemueldls/due	https://github.com/lemueldls/due	6	0	6	1	false	A framework built for Deno, using Vue.js
deno-riot	rafaelferres/deno-riot	https://github.com/rafaelferres/deno-riot	6	0	6	1	false	League of legends api wrapper
deno-check-updates	Fzwael/deno-check-updates	https://github.com/Fzwael/deno-check-updates	6	0	6	1	false	:mag: Automatically checks deno dependencies versions from import maps file
axiod	roonie007/axiod	https://github.com/roonie007/axiod	6	0	6	1	false	Promise based HTTP client for Deno
deno_easypath	zekth/deno_easypath	https://github.com/zekth/deno_easypath	5	4	5	1	false	Filesystem helper for Deno
deno-checksum	manyuanrong/deno-checksum	https://github.com/manyuanrong/deno-checksum	5	3	5	1	false	Sha1„ÄÅMD5 algorithms for Deno
up	denorg/up	https://github.com/denorg/up	5	2	5	5	false	üîå Check if a website is up with Deno
media_types	oakserver/media_types	https://github.com/oakserver/media_types	5	2	5	1	false	A module that assists in resolving media types and extensions.
progress	deno-library/progress	https://github.com/deno-library/progress	5	1	5	2	false	ProgressBar in terminal for deno
rute	jabernardo/rute	https://github.com/jabernardo/rute	5	1	5	1	false	A Simple Router for Deno
rsocket-deno	linux-china/rsocket-deno	https://github.com/linux-china/rsocket-deno	5	1	5	1	false	ü¶ïRSocket Deno module
deno-minimatch	chrisdothtml/deno-minimatch	https://github.com/chrisdothtml/deno-minimatch	5	1	5	1	false	A deno port of minimatch
ink	fakoua/ink	https://github.com/fakoua/ink	5	1	5	1	false	Terminal string color for Deno
airtable-deno	grikomsn/airtable-deno	https://github.com/grikomsn/airtable-deno	5	0	5	2	false	Unofficial Airtable Client for Deno ü¶ï
youtube-deno	akshgpt7/youtube-deno	https://github.com/akshgpt7/youtube-deno	5	0	5	1	false	A Deno client library of the YouTube Data API.
deno-using	hayd/deno-using	https://github.com/hayd/deno-using	5	0	5	1	false	python-style with statements for deno
status	denosaurs/status	https://github.com/denosaurs/status	5	0	5	1	false	üóø HTTP status utility for Deno. Based on Java Apache HttpStatus
deno-sass	divy-work/deno-sass	https://github.com/divy-work/deno-sass	5	0	5	1	false	A cute Sass compiler for Deno. :rocket:
multiparser	deligenius/multiparser	https://github.com/deligenius/multiparser	5	0	5	1	false	multipart/form-data parser for Deno servers
mith	JWebCoder/mith	https://github.com/JWebCoder/mith	5	0	5	1	false	A middleware framework for Deno's http/s server.
deno_free_port	axetroy/deno_free_port	https://github.com/axetroy/deno_free_port	5	0	5	1	false	Get free port for Deno
fiona	billymoon/fiona	https://github.com/billymoon/fiona	5	0	5	1	false	
denoversion	lucascaro/denoversion	https://github.com/lucascaro/denoversion	5	0	5	1	false	Deno cli to manage and bump release versions.
deno-hoarders	searchableguy/deno-hoarders	https://github.com/searchableguy/deno-hoarders	5	0	5	1	false	A module for deno that imports every external module from deno's website.
deno-deamon	manyuanrong/deno-deamon	https://github.com/manyuanrong/deno-deamon	5	0	5	1	false	Make the Deno program run in the background
color	maheshkareeya/color	https://github.com/maheshkareeya/color	5	0	5	1	false	Write Colourful Messages  In console. Styling Console. It's easy to learn and use.
carol	uki00a/carol	https://github.com/uki00a/carol	5	0	5	1	false	Build cross-platform desktop apps with Deno and HTML
adka	apiel/adka	https://github.com/apiel/adka	5	0	5	1	false	SSG & SSR: Static site generator and server side rendering using JSX.
deno_license_checker	kt3k/deno_license_checker	https://github.com/kt3k/deno_license_checker	4	4	4	2	false	:page_facing_up: CLI tool for checking license headers in files
dmm	drashland/dmm	https://github.com/drashland/dmm	4	2	4	3	false	Lightweight Deno Module Manager
validasaur	emsifa/validasaur	https://github.com/emsifa/validasaur	4	2	4	1	false	Deno validation library
deno-aws-sign-v4	silver-xu/deno-aws-sign-v4	https://github.com/silver-xu/deno-aws-sign-v4	4	2	4	1	false	Generates AWS Signature V4 for AWS low-level REST APIs
mutevents	hazae41/mutevents	https://github.com/hazae41/mutevents	4	1	4	2	false	Typed, mutable, async events for deno and nodejs
deno_machine_id	axetroy/deno_machine_id	https://github.com/axetroy/deno_machine_id	4	1	4	1	false	Get the unique ID of the current machine
kia	HarryPeach/kia	https://github.com/HarryPeach/kia	4	1	4	1	false	Simple terminal spinners for Deno ü¶ï
create-deno-plugin	chiefbiiko/create-deno-plugin	https://github.com/chiefbiiko/create-deno-plugin	4	1	4	1	false	0-thought deno plugin skeletons
framework	arkoren/framework	https://github.com/arkoren/framework	4	1	4	1	false	Framework - The core of the arkoren web framework.
prettyBenching	littletof/prettyBenching	https://github.com/littletof/prettyBenching	4	1	4	0	false	ü¶ï A small lib to make your Deno benchmarking progress and results look pretty
deno-change-case	justjavac/deno-change-case	https://github.com/justjavac/deno-change-case	4	1	4	0	false	Convert strings between camelCase, PascalCase, Title Case, snake_case and more 
deno-sendgrid	gpasq/deno-sendgrid	https://github.com/gpasq/deno-sendgrid	4	0	4	2	false	
datetoken.js	sonirico/datetoken.js	https://github.com/sonirico/datetoken.js	4	0	4	2	false	Parse strings into relative date time objects, ideal for pickers and preventing premature cache invalidation
deno-sparkpost	hayd/deno-sparkpost	https://github.com/hayd/deno-sparkpost	4	0	4	1	false	Send emails from deno via the SparkPost API
q	phil-r/q	https://github.com/phil-r/q	4	0	4	1	false	Simple queue task runner written in typescript
deno_process	axetroy/deno_process	https://github.com/axetroy/deno_process	4	0	4	1	false	process module for Deno
deno-prettystring	OnikurYH/deno-prettystring	https://github.com/OnikurYH/deno-prettystring	4	0	4	1	false	A deno module for format, trim and remove extra white spaces between characters. Make paragraph looks organised.
deno-pretty-bytes	BrunnerLivio/deno-pretty-bytes	https://github.com/BrunnerLivio/deno-pretty-bytes	4	0	4	1	false	The Deno implementation of @sindresorhus pretty-bytes package
Ogone	SRNV/Ogone	https://github.com/SRNV/Ogone	4	0	4	1	false	Web-components compiler for Deno
deno-observable	bsunderhus/deno-observable	https://github.com/bsunderhus/deno-observable	4	0	4	1	false	
funky	ful-stackz/funky	https://github.com/ful-stackz/funky	4	0	4	1	false	Getting funky with Deno!
deno_twitter_api	stefanuros/deno_twitter_api	https://github.com/stefanuros/deno_twitter_api	4	0	4	1	false	A Deno Module to make accessing the Twitter API from Deno a bit easier. 
bigdenary	uzyn/bigdenary	https://github.com/uzyn/bigdenary	4	0	4	1	false	ü¶ïüßÆ Arbitrary-length decimal library, implemented with ES2020's native BigInt.
behin	lolivei/behin	https://github.com/lolivei/behin	4	0	4	1	false	One-time password lib for Deno ü¶ï‚è± (TOTP/HOTP)
api	maheshkareeya/api	https://github.com/maheshkareeya/api	4	0	4	1	false	Promise based HTTP client for the Deno.
ansi-styles	tavofigse/ansi-styles	https://github.com/tavofigse/ansi-styles	4	0	4	1	false	ANSI escape codes for styling strings in the terminal
take-five	toddself/take-five	https://github.com/toddself/take-five	4	0	4	0	false	JSON REST server
gusano	krthr/gusano	https://github.com/krthr/gusano	4	0	4	0	false	A minimal workflows lib for Deno ü¶ñ
deno-dirname	rsp/deno-dirname	https://github.com/rsp/deno-dirname	4	0	4	0	false	Node-style __dirname and __filename polyfill for Deno
dexr	AkifumiSato/dexr	https://github.com/AkifumiSato/dexr	4	0	4	0	false	
deno-cuid	grantcarthew/deno-cuid	https://github.com/grantcarthew/deno-cuid	4	0	4	0	false	Collision-resistant ids optimized for horizontal scaling and performance.
bytes_formater	manyuanrong/bytes_formater	https://github.com/manyuanrong/bytes_formater	3	3	3	1	false	Formatting bytes(Uint8Array„ÄÅUint16Array„ÄÅUint32Array„ÄÅArrayBufferView..) output, is very useful when debugging IO functions
deno-wrapper-novelcovid	Joralmo/deno-wrapper-novelcovid	https://github.com/Joralmo/deno-wrapper-novelcovid	3	2	3	1	false	Wrapper de NovelCOVID/API para Deno.land
deno-collections	hayd/deno-collections	https://github.com/hayd/deno-collections	3	2	3	1	false	
rxjs	DenoBRComunitty/rxjs	https://github.com/DenoBRComunitty/rxjs	3	2	3	0	false	A reactive programming library for Deno 
x-name	denorg/x-name	https://github.com/denorg/x-name	3	1	3	5	false	üè∑Ô∏è Check if a package name is available on deno.land/x
deno_servicr	astanciu/deno_servicr	https://github.com/astanciu/deno_servicr	3	1	3	1	false	Deno application/service manager
PerlinNoise-Deno	hamptonmoore/PerlinNoise-Deno	https://github.com/hamptonmoore/PerlinNoise-Deno	3	1	3	1	false	A Perlin Noise library
deno-mongo-repository	0xVesion/deno-mongo-repository	https://github.com/0xVesion/deno-mongo-repository	3	1	3	1	false	This library makes integrating mongo db in your project easy.
maze_generator	TheWizardBear/maze_generator	https://github.com/TheWizardBear/maze_generator	3	1	3	1	false	A work-in-progress maze generator module, compatible with both Deno and Node.
http-server	skoshx/http-server	https://github.com/skoshx/http-server	3	1	3	1	false	http-server is a tiny and zero-configuration HTTP server to serve static files with Deno
deno_modules	davidjamesstone/deno_modules	https://github.com/davidjamesstone/deno_modules	3	1	3	1	false	Deno modules
docopt.js	Eyal-Shalev/docopt.js	https://github.com/Eyal-Shalev/docopt.js	3	1	3	1	false	command line option parser, that will make you smile
denock	SachaCR/denock	https://github.com/SachaCR/denock	3	1	3	1	false	Denock intercepts HTTP calls to allow mocking response from third parties
deno-swagger-doc	singhcool/deno-swagger-doc	https://github.com/singhcool/deno-swagger-doc	3	1	3	1	false	
deno-matrix	anirudhgiri/deno-matrix	https://github.com/anirudhgiri/deno-matrix	3	1	3	1	false	ü¶ï Lightweight Deno Library To Handle Matrices ü¶ñ
deno_init	maxuuell/deno_init	https://github.com/maxuuell/deno_init	3	1	3	1	false	executable to create a deno project
cursor	iAmNathanJ/cursor	https://github.com/iAmNathanJ/cursor	3	1	3	1	false	ANSI control sequences for your terminal cursor
betalander	genemators/betalander	https://github.com/genemators/betalander	3	1	3	1	false	The minecraft server manager
recursive-readdir	denorg/recursive-readdir	https://github.com/denorg/recursive-readdir	3	0	3	5	false	üìÅ Recursively read directories in Deno
deno-lib	brandonkal/deno-lib	https://github.com/brandonkal/deno-lib	3	0	3	2	false	A large collection of useful Typescript libraries for Deno
deno_notify	PandawanFr/deno_notify	https://github.com/PandawanFr/deno_notify	3	0	3	2	false	Send desktop notifications on all platforms in Deno
serialize-xml	olaven/serialize-xml	https://github.com/olaven/serialize-xml	3	0	3	1	false	Serialize (i.e. stringify) an object into xml string. 
deno-remove-forever	oganexon/deno-remove-forever	https://github.com/oganexon/deno-remove-forever	3	0	3	1	false	Data erasure solution for files on deno ü¶ï
reactive-js	bordoley/reactive-js	https://github.com/bordoley/reactive-js	3	0	3	1	false	Fast modern reactive Javascript programming library
deno-x-ranking	yoshixmk/deno-x-ranking	https://github.com/yoshixmk/deno-x-ranking	3	0	3	1	false	ü¶ï Deno Third Party Modules Ranking üëë
pubsub	zorbyte/pubsub	https://github.com/zorbyte/pubsub	3	0	3	1	false	A simple PubSub module for Deno.
panoptes	TokenChingy/panoptes	https://github.com/TokenChingy/panoptes	3	0	3	1	false	A simple array and object watcher function for Deno. Written in TypeScript.
levenshtein	aosync/levenshtein	https://github.com/aosync/levenshtein	3	0	3	1	false	Deno module to compute the Levenshtein distance between two strings
emoji	s1mpson/emoji	https://github.com/s1mpson/emoji	3	0	3	1	false	üòÇ Simple emoji support for Deno ü¶ï (validate, detect, trim, extract)
deno_dog	marc2332/deno_dog	https://github.com/marc2332/deno_dog	3	0	3	1	false	üê∂  A https://dog.ceo/dog-api/ wrapper for Deno
deno_search	etopiei/deno_search	https://github.com/etopiei/deno_search	3	0	3	1	false	A quick CLI utility to search available third party deno modules.
cute	llbarbosas/cute	https://github.com/llbarbosas/cute	3	0	3	1	false	Tokenizer/lexer generator for Deno like moo
crony	uchm4n/crony	https://github.com/uchm4n/crony	3	0	3	1	false	Manage all your cron jobs in one file
deno-cron	wrzonki/deno-cron	https://github.com/wrzonki/deno-cron	3	0	3	1	false	
country-list	yonas-g/country-list	https://github.com/yonas-g/country-list	3	0	3	1	false	Get world countries list
colors	maheshkareeya/colors	https://github.com/maheshkareeya/colors	3	0	3	1	false	Material Design Colors.
bump	iAmNathanJ/bump	https://github.com/iAmNathanJ/bump	3	0	3	1	false	Project versioning tool for Deno
sdk-for-deno	appwrite/sdk-for-deno	https://github.com/appwrite/sdk-for-deno	3	0	3	1	false	[READ-ONLY] Official Appwrite Deno SDK
lavadeno	Lavaclient/lavadeno	https://github.com/Lavaclient/lavadeno	3	0	3	0	false	lavadeno is a simple, easy-to-use, and flexible lavalink client built on the Deno Runtime.
prettier	denolib/prettier	https://github.com/denolib/prettier	2	3	2	2	false	Prettier. Migrated from Deno standard modules
deno_tiny_templates	zekth/deno_tiny_templates	https://github.com/zekth/deno_tiny_templates	2	2	2	2	false	A template parser for deno
permission-guard	asos-craigmorten/permission-guard	https://github.com/asos-craigmorten/permission-guard	2	2	2	2	false	A zero-dependency, minimal permission guard for Deno.
deno-open	skoshx/deno-open	https://github.com/skoshx/deno-open	2	2	2	1	false	Open is a package for opening URLs, files and executables with Deno. Inspired by sindresorhus' open.
lodash_require	TokenChingy/lodash_require	https://github.com/TokenChingy/lodash_require	2	2	2	1	false	Lodash for the Deno runtime.
census	being-curious/census	https://github.com/being-curious/census	2	2	2	1	false	Count modules in https://deno.land/x
deps	denosaurs/deps	https://github.com/denosaurs/deps	2	1	2	6	false	üï¥deps.ts manager for Deno (highly WIP)
yeswehack-sdk	tchenu/yeswehack-sdk	https://github.com/tchenu/yeswehack-sdk	2	1	2	1	false	YesWeHack SDK written in Deno ü¶ï 
deno-username	justjavac/deno-username	https://github.com/justjavac/deno-username	2	1	2	1	false	Get the username of the current user
random-int	yg/random-int	https://github.com/yg/random-int	2	1	2	1	false	Generate a random integer in deno
deno-progressbar	jakobhellermann/deno-progressbar	https://github.com/jakobhellermann/deno-progressbar	2	1	2	1	false	a terminal progressbar for deno
organ	denjucks/organ	https://github.com/denjucks/organ	2	1	2	1	false	Organ - Logging middleware for the Oak framework based on the Morgan library for ExpressJS from Node.
json-server	magnattic/json-server	https://github.com/magnattic/json-server	2	1	2	1	false	Zero code fake backend for development
http-wrapper	lindsaykwardell/http-wrapper	https://github.com/lindsaykwardell/http-wrapper	2	1	2	1	false	Simple Server/Router wrapper around Deno's HTTP module
fossil	matteocrippa/fossil	https://github.com/matteocrippa/fossil	2	1	2	1	false	A typescript validation suite for deno projects
deno-windows	rafaelferres/deno-windows	https://github.com/rafaelferres/deno-windows	2	1	2	1	false	Windows Service controller for Deno
deno-weather	yeukfei02/deno-weather	https://github.com/yeukfei02/deno-weather	2	1	2	1	false	get current weather by city name, state and country code
deno-log	rafaelferres/deno-log	https://github.com/rafaelferres/deno-log	2	1	2	1	false	Lightweight logger with an extensible configuration ü¶ï
deno-hidefile	rafaelferres/deno-hidefile	https://github.com/rafaelferres/deno-hidefile	2	1	2	1	false	Create hidden file or folder in Deno ü¶ï
curve25519	chiefbiiko/curve25519	https://github.com/chiefbiiko/curve25519	2	1	2	1	false	djb's Curve25519 in TypeScript
centroid	themost-framework/centroid	https://github.com/themost-framework/centroid	2	1	2	1	false	MOST Web Framework for deno.js
clone	ekaragodin/clone	https://github.com/ekaragodin/clone	2	1	2	0	false	A simple utility for the convenient clone
scrypt	denorg/scrypt	https://github.com/denorg/scrypt	2	0	2	6	false	üîë Deno library for hashing passwords using scrypt
online	denorg/online	https://github.com/denorg/online	2	0	2	5	false	üï∏Ô∏è Check if you're currently online in Deno
invert-kv	denorg/invert-kv	https://github.com/denorg/invert-kv	2	0	2	5	false	üôÉ Invert key-value pairs in an object, e.g., { foo: "bar" } ‚Üí { bar: "foo" }
meteorite	AhmedAlYousif/meteorite	https://github.com/AhmedAlYousif/meteorite	2	0	2	2	false	a framework to build REST APIs in Deno runtime.
deno_lodash	alirealasad/deno_lodash	https://github.com/alirealasad/deno_lodash	2	0	2	2	false	Lodash for the Deno via import statement. on https://deno.land/x/deno_lodash
deno_app_setuper	alreadyExisted/deno_app_setuper	https://github.com/alreadyExisted/deno_app_setuper	2	0	2	2	false	A CLI to setup apps like a Create React App
deno-zstd	xpyxel/deno-zstd	https://github.com/xpyxel/deno-zstd	2	0	2	1	true	Zstd bindings for the Deno TypeScript/JavaScript runtime
yaml-wasm	KSXGitHub/yaml-wasm	https://github.com/KSXGitHub/yaml-wasm	2	0	2	1	false	WebAssembly module to parse YAML
websocket_server	JohanWinther/websocket_server	https://github.com/JohanWinther/websocket_server	2	0	2	1	false	A WebSocket server library for Deno üîå
deno_tokenizer	eliassjogreen/deno_tokenizer	https://github.com/eliassjogreen/deno_tokenizer	2	0	2	1	false	‚öôÔ∏è A simple tokenizer for deno
time.ts	burhanahmeed/time.ts	https://github.com/burhanahmeed/time.ts	2	0	2	1	false	Time.ts - A straightforward Deno timezone manipulation
deno-telegram-bot-api	dfvgbh/deno-telegram-bot-api	https://github.com/dfvgbh/deno-telegram-bot-api	2	0	2	1	false	Deno Telegram bot API
teddytags	teddytags/teddytags	https://github.com/teddytags/teddytags	2	0	2	1	false	:bear: The superfast way to custom elements.
deno-rsync-parser	daniel-araujo/deno-rsync-parser	https://github.com/daniel-araujo/deno-rsync-parser	2	0	2	1	false	Parses the output of rsync when called with the `--itemize-changes` option. This allows you to programmatically identify files that got created, updated and deleted. Output can be in the form of strings and streams.
random-float	yg/random-float	https://github.com/yg/random-float	2	0	2	1	false	Generate a random float in deno
deno-pipeline	Focinfi/deno-pipeline	https://github.com/Focinfi/deno-pipeline	2	0	2	1	false	Configurable data pipeline in Deno
log4deno	klimentru1986/log4deno	https://github.com/klimentru1986/log4deno	2	0	2	1	false	Log4deno
deno-local-ip	joakimunge/deno-local-ip	https://github.com/joakimunge/deno-local-ip	2	0	2	1	false	Tiny module for Deno to get local network interface address.
deno_linked_list	k-koehler/deno_linked_list	https://github.com/k-koehler/deno_linked_list	2	0	2	1	false	linked list for deno/typescript
l9t	nvbn/l9t	https://github.com/nvbn/l9t	2	0	2	1	false	Reusable typesafe kubernetes configurations with fast development cycle and no yaml
deno_kill_port	gustavofabro/deno_kill_port	https://github.com/gustavofabro/deno_kill_port	2	0	2	1	false	Deno module that kills the process of an informed port.
json_tree	satty1987/json_tree	https://github.com/satty1987/json_tree	2	0	2	1	false	
indigobird	ralusek/indigobird	https://github.com/ralusek/indigobird	2	0	2	1	false	An alternative to bluebird which is also probably slightly better.
imt	iosamuel/imt	https://github.com/iosamuel/imt	2	0	2	1	false	TMI.JS implementation for Deno
dn-i18next-mongo-backend	lamualfa/dn-i18next-mongo-backend	https://github.com/lamualfa/dn-i18next-mongo-backend	2	0	2	1	false	i18next mongodb backend https://www.i18next.com/ - Only for Deno ü¶ñ
deno_html	denomod/deno_html	https://github.com/denomod/deno_html	2	0	2	1	false	Useful template literal tag for create html strings in ES2015+
fanfou-sdk-deno	LitoMore/fanfou-sdk-deno	https://github.com/LitoMore/fanfou-sdk-deno	2	0	2	1	false	ü¶ï Fanfou SDK for Deno
explicitly	RobDWaller/explicitly	https://github.com/RobDWaller/explicitly	2	0	2	1	false	Additional assertions for Deno so developers can write more explicit unit tests.
dpng	MartonDev/dpng	https://github.com/MartonDev/dpng	2	0	2	1	false	Easily create image files with Deno
denovamon	viandwi24/denovamon	https://github.com/viandwi24/denovamon	2	0	2	1	false	A Module for detech any change file and automatically restart your server. Inspirated by Nodemon.
denologger	wuperguy/denologger	https://github.com/wuperguy/denologger	2	0	2	1	false	
denof	r37r0m0d3l/denof	https://github.com/r37r0m0d3l/denof	2	0	2	1	false	Syntactic sugar for asynchronous functions, promises, generators and synchronous functions.
deno-markdown	JasonHughes94/deno-markdown	https://github.com/JasonHughes94/deno-markdown	2	0	2	1	false	Generate markdown files with ease ü¶ï
deno-deblong	nusendra/deno-deblong	https://github.com/nusendra/deno-deblong	2	0	2	1	false	another simple rest api with deno
deno-databatcher	allain/deno-databatcher	https://github.com/allain/deno-databatcher	2	0	2	1	false	DataBatcher implementation in deno
dash	xpyxel/dash	https://github.com/xpyxel/dash	2	0	2	1	false	Simple, fast, and efficient cache library for Deno 
deno-csv	vslinko/deno-csv	https://github.com/vslinko/deno-csv	2	0	2	1	false	Streaming API for reading and writing CSV for https://deno.land/
deno-ciphers	divy-work/deno-ciphers	https://github.com/divy-work/deno-ciphers	2	0	2	1	false	WASM module for Ciphers in Deno.
async-call-rpc	Jack-Works/async-call-rpc	https://github.com/Jack-Works/async-call-rpc	2	0	2	1	false	A lightweight JSON RPC client & server
a1	maheshkareeya/a1	https://github.com/maheshkareeya/a1	2	0	2	1	false	A1 Is Javascript Micro framework for rapid API Development
deno-purify	aynik/deno-purify	https://github.com/aynik/deno-purify	2	0	2	0	false	Functional programming library for TypeScript, Ported to Deno - https://gigobyte.github.io/purify/
graphql-ts	simwipado/graphql-ts	https://github.com/simwipado/graphql-ts	2	0	2	0	false	A reference implementation of GraphQL for JavaScript
dino_env	crewdevio/dino_env	https://github.com/crewdevio/dino_env	2	0	2	0	false	üåà manage environment variables with deno.
deno-faker	jackfiszr/deno-faker	https://github.com/jackfiszr/deno-faker	2	0	2	0	false	Deno port of https://github.com/Marak/faker.js
handlebars	alosaur/handlebars	https://github.com/alosaur/handlebars	1	3	1	1	false	Handlebars template engine for Deno
validator-deno	validatorjs/validator-deno	https://github.com/validatorjs/validator-deno	1	3	1	0	false	Official Port of validatorjs to deno
hmac	chiefbiiko/hmac	https://github.com/chiefbiiko/hmac	1	2	1	0	false	hash-based message authentication code
ts_serialize	GameBridgeAI/ts_serialize	https://github.com/GameBridgeAI/ts_serialize	1	1	1	3	false	A zero dependency library for serializing data
deno-protobuf	seishun/deno-protobuf	https://github.com/seishun/deno-protobuf	1	1	1	2	false	
Arangeno	HarryET/Arangeno	https://github.com/HarryET/Arangeno	1	1	1	2	false	Arangeno is bassed on ArangoJS and has been ported for use on Deno
Uwuifier	Schotsl/Uwuifier	https://github.com/Schotsl/Uwuifier	1	1	1	1	false	This very lightweight package allows you to uwuify any sentence or word (excluding URL's) with many configurable parameters while giving you access to many vewy kawaii sentences, stuttering and faces
tbl	jozsefsallai/tbl	https://github.com/jozsefsallai/tbl	1	1	1	1	false	tiny and versatile command-line table generator for deno
opine-http-proxy	asos-craigmorten/opine-http-proxy	https://github.com/asos-craigmorten/opine-http-proxy	1	1	1	1	false	Proxy middleware for Deno Opine HTTP servers.
next	mtwzim/next	https://github.com/mtwzim/next	1	1	1	1	false	Next is a coming soon reactive framework for deno
deno_moment	lisniuse/deno_moment	https://github.com/lisniuse/deno_moment	1	1	1	1	false	This moment.ts was ported from moment.js@2.24.0.
input-deno	keegandonley/input-deno	https://github.com/keegandonley/input-deno	1	1	1	1	false	CLI user input handler for Deno
Humanizer.ts	fakoua/Humanizer.ts	https://github.com/fakoua/Humanizer.ts	1	1	1	1	false	Humanizer meets all your TypeScript needs for manipulating and displaying strings, dates, times, timespans, numbers and quantities.
deno-giphy-api	yeukfei02/deno-giphy-api	https://github.com/yeukfei02/deno-giphy-api	1	1	1	1	false	giphy api in deno
cowsay	fakoua/cowsay	https://github.com/fakoua/cowsay	1	1	1	1	false	Configurable talking cow for Deno
cmd	acathur/cmd	https://github.com/acathur/cmd	1	1	1	1	false	Commander.js (command-line interfaces) for Deno.
bb64	denjucks/bb64	https://github.com/denjucks/bb64	1	1	1	1	false	Easy to use Deno Base64 Encoder and Decoder for JavaScript and TypeScript
sha256	chiefbiiko/sha256	https://github.com/chiefbiiko/sha256	1	1	1	0	false	SHA2-256 4 Deno
cobalt	CIDARO/cobalt	https://github.com/CIDARO/cobalt	1	1	1	0	false	Cobalt is an Open Source LRU Cache written for Deno.
is-docker	denorg/is-docker	https://github.com/denorg/is-docker	1	0	1	5	false	üê≥ Check if the process is running inside a Docker container in Deno
humanize-url	denorg/humanize-url	https://github.com/denorg/humanize-url	1	0	1	5	false	üîó Humanize a URL in Deno https://yogi.codes ‚Üí yogi.codes
get-ip	denorg/get-ip	https://github.com/denorg/get-ip	1	0	1	5	false	üåê Get your public IP address in Deno
plugin-use	chaijs/plugin-use	https://github.com/chaijs/plugin-use	1	0	1	4	false	A simple Event Emitter, tuned to be used as a plugin driver.
deno-validator	ryo-ma/deno-validator	https://github.com/ryo-ma/deno-validator	1	0	1	2	false	ü¶ï A simple string validation for deno
short_uuid	jeanlescure/short_uuid	https://github.com/jeanlescure/short_uuid	1	0	1	2	false	Deno module used for generating random or sequential UUID of any length
deno-qs	adrijere/deno-qs	https://github.com/adrijere/deno-qs	1	0	1	2	false	A querystring parser with Deno
deno_pool	axetroy/deno_pool	https://github.com/axetroy/deno_pool	1	0	1	2	false	Generic pool for Deno
negotiator	ako-deno/negotiator	https://github.com/ako-deno/negotiator	1	0	1	2	false	An HTTP content negotiator for Deno.
nats.deno	nats-io/nats.deno	https://github.com/nats-io/nats.deno	1	0	1	2	false	Deno client for NATS, the cloud native messaging system
irc	hacked/irc	https://github.com/hacked/irc	1	0	1	2	false	Message Parser for Deno (RFC 2812 and IRCv3)
annotated-csv-parser	tiagostutz/annotated-csv-parser	https://github.com/tiagostutz/annotated-csv-parser	1	0	1	2	false	Parser for Flux annotated CSV data https://v2.docs.influxdata.com/v2.0/reference/syntax/annotated-csv/
yt_xml2srt	Aasim-A/yt_xml2srt	https://github.com/Aasim-A/yt_xml2srt	1	0	1	1	false	Deno package to convert Youtube caption format from XML to SRT with Zero dependencies
vuniq	vasuvanka/vuniq	https://github.com/vasuvanka/vuniq	1	0	1	1	false	tiny lib for uniq id generation in javascript
type_is	ako-deno/type_is	https://github.com/ako-deno/type_is	1	0	1	1	false	Infer the content-type of a HTTP Header for Deno
deno-type-check	zemse/deno-type-check	https://github.com/zemse/deno-type-check	1	0	1	1	false	Runtime type check library for Deno
twitter	iosamuel/twitter	https://github.com/iosamuel/twitter	1	0	1	1	false	Twitter's library in Deno
deno-tree	KSXGitHub/deno-tree	https://github.com/KSXGitHub/deno-tree	1	0	1	1	false	Deno's library to traverse filesystem tree.
tiny-env	bretanac93/tiny-env	https://github.com/bretanac93/tiny-env	1	0	1	1	false	Tiny dotenv module for Deno
time_ago	satty1987/time_ago	https://github.com/satty1987/time_ago	1	0	1	1	false	
thai-baht-text-deno	pthongtaem/thai-baht-text-deno	https://github.com/pthongtaem/thai-baht-text-deno	1	0	1	1	false	Convert number to Thai Baht as Text
deno_run_tests_on_localhost	KSXGitHub/deno_run_tests_on_localhost	https://github.com/KSXGitHub/deno_run_tests_on_localhost	1	0	1	1	false	Create a localhost server and run tests
deno-term-color	jahzielv/deno-term-color	https://github.com/jahzielv/deno-term-color	1	0	1	1	false	Terminal colorizer for TS and Deno
tcr	AlexVagrant/tcr	https://github.com/AlexVagrant/tcr	1	0	1	1	false	tcr will complie and run with deno when typescript file change, you can direct run typescript file
ssr	maheshkareeya/ssr	https://github.com/maheshkareeya/ssr	1	0	1	1	false	Server Side HTML Functions for rapid development in Node and Deno.
ssds-deno	claytsay/ssds-deno	https://github.com/claytsay/ssds-deno	1	0	1	1	false	Some Specialized Data Structures for Deno.
deno-sql	yourtion/deno-sql	https://github.com/yourtion/deno-sql	1	0	1	1	false	Powerful and Easy use SQL Query Builder on Deno From @leizm/sql
deno-slash	justjavac/deno-slash	https://github.com/justjavac/deno-slash	1	0	1	1	false	Convert Windows backslash paths to slash paths
simple_slackbot	cesar-faria/simple_slackbot	https://github.com/cesar-faria/simple_slackbot	1	0	1	1	false	
shodan_deno	aldinp16/shodan_deno	https://github.com/aldinp16/shodan_deno	1	0	1	1	false	Simple Shodan API Wrapper For Deno
sha2	glatan/sha2	https://github.com/glatan/sha2	1	0	1	1	false	SHA-2 family for Deno.
secure-compare	hkatzdev/secure-compare	https://github.com/hkatzdev/secure-compare	1	0	1	1	false	Constant-time comparison algorithm to prevent timing attacks (Deno edition)
rupiah_ts	andriawan/rupiah_ts	https://github.com/andriawan/rupiah_ts	1	0	1	1	false	Simple and lightweight rupiah currency format written in typescript
rug	Naktrem/rug	https://github.com/Naktrem/rug	1	0	1	1	false	Simple username generator for deno.
deno_random_interval	zekth/deno_random_interval	https://github.com/zekth/deno_random_interval	1	0	1	1	false	Generates random interval
QwikID	MrGeeDee/QwikID	https://github.com/MrGeeDee/QwikID	1	0	1	1	false	A Deno module used to generate IDs
denopwn	pitust/denopwn	https://github.com/pitust/denopwn	1	0	1	1	false	A library for pwning things in deno.
postjs	postui/postjs	https://github.com/postui/postjs	1	0	1	1	false	The radical new Front-End Framework in deno.
deno-port	adoi/deno-port	https://github.com/adoi/deno-port	1	0	1	1	false	Deno module to get an available TCP port for your Deno server
paleontologist	TrueWill/paleontologist	https://github.com/TrueWill/paleontologist	1	0	1	1	false	Scientist-like module for Deno in TypeScript
oak_middlewares	deepakshrma/oak_middlewares	https://github.com/deepakshrma/oak_middlewares	1	0	1	1	false	A collection of middleware for the oak framework. https://github.com/oakserver/
deno-murmurhash	justjavac/deno-murmurhash	https://github.com/justjavac/deno-murmurhash	1	0	1	1	false	An incremental implementation of MurmurHash3 for JavaScript
mojang	often/mojang	https://github.com/often/mojang	1	0	1	1	false	Simple and lightweight Mojang API wrapper.
modify-via-query	wongjiahau/modify-via-query	https://github.com/wongjiahau/modify-via-query	1	0	1	1	false	Natural and type-safe query to mutate a copy of data without changing the original source 
mith_router	JWebCoder/mith_router	https://github.com/JWebCoder/mith_router	1	0	1	1	false	Routing system for Mith framework
mime	DenoBRComunitty/mime	https://github.com/DenoBRComunitty/mime	1	0	1	1	false	Mime types for Deno
metle	JWebCoder/metle	https://github.com/JWebCoder/metle	1	0	1	1	false	memory storage with ttl and reset after request quantity
memoize	rubiin/memoize	https://github.com/rubiin/memoize	1	0	1	1	false	A simple and easy to use memoize lib for deno
Maybe	iMarv/Maybe	https://github.com/iMarv/Maybe	1	0	1	1	false	A deno module for handling null and undefined values, inspired by Rusts Option<T>
markdown	ubersl0th/markdown	https://github.com/ubersl0th/markdown	1	0	1	1	false	Deno Markdown module forked from https://github.com/ts-stack/markdown/tree/bb47aa8e625e89e6aa84f49a98536a3089dee831
logol	apiel/logol	https://github.com/apiel/logol	1	0	1	1	false	
deno-libhydrogen	chiefbiiko/deno-libhydrogen	https://github.com/chiefbiiko/deno-libhydrogen	1	0	1	1	false	deno plugin 2 libhydrogen
keypress	dmitriytat/keypress	https://github.com/dmitriytat/keypress	1	0	1	1	false	Deno keypress reader
jsx-html	apiel/jsx-html	https://github.com/apiel/jsx-html	1	0	1	1	false	
simple-js-yaml-port-for-deno	KSXGitHub/simple-js-yaml-port-for-deno	https://github.com/KSXGitHub/simple-js-yaml-port-for-deno	1	0	1	1	false	This is a simple and crude port of JS-YAML for Deno.
iro	jozsefsallai/iro	https://github.com/jozsefsallai/iro	1	0	1	1	false	Fast and clean terminal coloring and styling utility for Deno and Node.js.
ipapi	often/ipapi	https://github.com/often/ipapi	1	0	1	1	false	Simple ip-api.com API wrapper for Deno.
ip_details	guptamohit004/ip_details	https://github.com/guptamohit004/ip_details	1	0	1	1	false	Get your public IP address Details in Deno.
Interpreter	lynellf/Interpreter	https://github.com/lynellf/Interpreter	1	0	1	1	false	Interprets a description of your application
heap	gobengo/heap	https://github.com/gobengo/heap	1	0	1	1	false	Heap data structure written in TypeScript/Deno
GML	Ryaangu/GML	https://github.com/Ryaangu/GML	1	0	1	1	false	GML is a Deno library and also a GMS library for networking.
fs_cli	franckLdx/fs_cli	https://github.com/franckLdx/fs_cli	1	0	1	1	false	A deno tool to clean a bundle: delete, some directories, some files ...
fox	eankeen/fox	https://github.com/eankeen/fox	1	0	1	1	false	Fox is a little utility that helps you bootstrap Deno applications
escape_html	ako-deno/escape_html	https://github.com/ako-deno/escape_html	1	0	1	1	false	Escape string for use in HTML for Deno
docable	drashland/docable	https://github.com/drashland/docable	1	0	1	1	false	An open-source doc block parser for generating documenation as JSON.
dislocator	abhi11210646/dislocator	https://github.com/abhi11210646/dislocator	1	0	1	1	false	Service Locator pattern module for deno
deno-env	rubiin/deno-env	https://github.com/rubiin/deno-env	1	0	1	1	false	DotEnv but for deno
deno_util	deepakshrma/deno_util	https://github.com/deepakshrma/deno_util	1	0	1	1	false	A collection of util libraries for Deno like logger [supports color, format, level], prompts [password]
deno-http-server	pandres95/deno-http-server	https://github.com/pandres95/deno-http-server	1	0	1	1	false	Minimal HTTP Server for Deno
den	apiel/den	https://github.com/apiel/den	1	0	1	1	false	A better deno cli :p A wrapper of deno cli to give some extra features.
deno_cross_env	axetroy/deno_cross_env	https://github.com/axetroy/deno_cross_env	1	0	1	1	false	A cli tool for setting environment variables across platforms
deno-context	Code-Hex/deno-context	https://github.com/Code-Hex/deno-context	1	0	1	1	false	ü¶ï„ÄêDeno„ÄëPropagate deadlines, a cancellation and other request-scoped values to multiple promise.
deno-compose	KSXGitHub/deno-compose	https://github.com/KSXGitHub/deno-compose	1	0	1	1	false	pipe, pipeline, and compose functions with 64 overloads per function.
cabinet	dan-online/cabinet	https://github.com/dan-online/cabinet	1	0	1	1	false	Cabinet, the easier way to manage files in Deno
bzfquery.js	The-Noah/bzfquery.js	https://github.com/The-Noah/bzfquery.js	1	0	1	1	false	JavaScript/TypeScript version of bzfquery for Deno
buffer	socket-deno/buffer	https://github.com/socket-deno/buffer	1	0	1	1	false	Extreme buffer module for deno
blake2b	chiefbiiko/blake2b	https://github.com/chiefbiiko/blake2b	1	0	1	1	false	BLAKE2b implemented in WebAssembly
awaitable_mutex	Matthew-Smith/awaitable_mutex	https://github.com/Matthew-Smith/awaitable_mutex	1	0	1	1	false	Deno module for blocking execution of a section of code to one at a time
audit	maximousblk/audit	https://github.com/maximousblk/audit	1	0	1	1	false	Add an audit notification for insecure versions of your modules
Attain-GraphQL	aaronwlee/Attain-GraphQL	https://github.com/aaronwlee/Attain-GraphQL	1	0	1	1	false	A simple GraphQL middleware for the Attain deno
ascii_table	eeve/ascii_table	https://github.com/eeve/ascii_table	1	0	1	1	false	Easy table output for deno debugging, but you could probably do more with it,  since its just a string.
adka_server	apiel/adka_server	https://github.com/apiel/adka_server	1	0	1	1	false	
accepts	ako-deno/accepts	https://github.com/ako-deno/accepts	1	0	1	1	false	Higher level content negotiation for Deno.
web-name	letskhabar/web-name	https://github.com/letskhabar/web-name	1	0	1	0	false	
DenoVerbalExpressions	evosland/DenoVerbalExpressions	https://github.com/evosland/DenoVerbalExpressions	1	0	1	0	false	
proxy-bind	imcotton/proxy-bind	https://github.com/imcotton/proxy-bind	1	0	1	0	false	foobar.fn.bind(foobar) -> bind(foobar).fn
deno-pg-format	grantcarthew/deno-pg-format	https://github.com/grantcarthew/deno-pg-format	1	0	1	0	false	Deno implementation of PostgreSQL's format() to safely create dynamic SQL queries.
pg	deno-library/pg	https://github.com/deno-library/pg	1	0	1	0	false	PostgreSQL client for Deno
pbkdf2	chiefbiiko/pbkdf2	https://github.com/chiefbiiko/pbkdf2	1	0	1	0	false	
nonstd	deno-nonstd/nonstd	https://github.com/deno-nonstd/nonstd	1	0	1	0	false	A library for useful features that aren't currently in the std library.
microraptor	matteocrippa/microraptor	https://github.com/matteocrippa/microraptor	1	0	1	0	false	A deno lightweight middleware for easy REST development.
jbq	krnik/jbq	https://github.com/krnik/jbq	1	0	1	0	false	Customizable JS Validator
ini	chances/ini	https://github.com/chances/ini	1	0	1	0	false	An ini parser/serializer in TypeScript for the Deno runtime
importql	crewdevio/importql	https://github.com/crewdevio/importql	1	0	1	0	false	easy way to import and parse graphql files üé°
deno	ts-graphviz/deno	https://github.com/ts-graphviz/deno	1	0	1	0	false	ü¶ï Simple Graphviz library for Deno.
get_stdin	rjoydip/get_stdin	https://github.com/rjoydip/get_stdin	1	0	1	0	false	Get stdin as a string or buffer
EaiserColors	hamptonmoore/EaiserColors	https://github.com/hamptonmoore/EaiserColors	1	0	1	0	false	
dubartesql	namadnuno/dubartesql	https://github.com/namadnuno/dubartesql	1	0	1	0	false	Deno + Mysql + QueryBuilder
dom-serializer	DenoBRComunitty/dom-serializer	https://github.com/DenoBRComunitty/dom-serializer	1	0	1	0	false	ü¶ï render dom nodes
domhandler	DenoBRComunitty/domhandler	https://github.com/DenoBRComunitty/domhandler	1	0	1	0	false	htmlparser2's dom as a separate module for deno
domelementtype	DenoBRComunitty/domelementtype	https://github.com/DenoBRComunitty/domelementtype	1	0	1	0	false	all the types of nodes in htmlparser2's dom
deno-chunked	aynik/deno-chunked	https://github.com/aynik/deno-chunked	1	0	1	0	false	A set of functions to read `ArrayBuffer` chunk by chunk or buffered until eof.
chacha20-poly1305	chiefbiiko/chacha20-poly1305	https://github.com/chiefbiiko/chacha20-poly1305	1	0	1	0	false	Authenticated Encryption with Associated Data
base64	chiefbiiko/base64	https://github.com/chiefbiiko/base64	1	0	1	0	false	base64 strings from/to Uint8Arrays
validator	rubiin/validator	https://github.com/rubiin/validator	0	4	0	1	false	Port of validatorjs to deno
rcon-deno	RisingStack/rcon-deno	https://github.com/RisingStack/rcon-deno	0	1	0	2	false	
deno-task-runner-v2	ebebbington/deno-task-runner-v2	https://github.com/ebebbington/deno-task-runner-v2	0	1	0	1	false	Version 2 of deno-task-runner to fix issues
SwissKnife	fakoua/SwissKnife	https://github.com/fakoua/SwissKnife	0	1	0	1	false	Deno Swiss Knife tools
deno-prompts	caspervonb/deno-prompts	https://github.com/caspervonb/deno-prompts	0	1	0	1	false	Command line prompts for Deno
hchacha20	chiefbiiko/hchacha20	https://github.com/chiefbiiko/hchacha20	0	1	0	1	false	HChaCha20
download	deno-module/download	https://github.com/deno-module/download	0	1	0	1	false	Deno fetch api based module to download file from a URL.
diosaur	ovesco/diosaur	https://github.com/ovesco/diosaur	0	1	0	1	false	A dependency injection library for Deno
denotrodon	jabernardo/denotrodon	https://github.com/jabernardo/denotrodon	0	1	0	1	false	Bare Minimum Command-Line (CLI) Application Skeleton
deno-validator	parasg1999/deno-validator	https://github.com/parasg1999/deno-validator	0	1	0	1	true	String validation for deno inspired by validator.js
deno-string-validator	okwudav/deno-string-validator	https://github.com/okwudav/deno-string-validator	0	1	0	1	false	String validation for Deno, inspired by Validator.js =>
deno-conf	lemarier/deno-conf	https://github.com/lemarier/deno-conf	0	1	0	1	false	Simple config handling for your app or module with Deno.
deno_case_style	zekth/deno_case_style	https://github.com/zekth/deno_case_style	0	1	0	1	false	A string validator and formater for case Style
sha512	chiefbiiko/sha512	https://github.com/chiefbiiko/sha512	0	1	0	0	false	
sha1	chiefbiiko/sha1	https://github.com/chiefbiiko/sha1	0	1	0	0	false	
perpetual-futures	zynesis/perpetual-futures	https://github.com/zynesis/perpetual-futures	0	0	0	8	false	ü¶ïüí∞ Calculator for perpetual swaps/futures.
xchacha20-poly1305	chiefbiiko/xchacha20-poly1305	https://github.com/chiefbiiko/xchacha20-poly1305	0	0	0	2	false	XChaCha20-Poly1305
deno-queueing	Sourcico/deno-queueing	https://github.com/Sourcico/deno-queueing	0	0	0	2	false	deno-queueing
cookies	ako-deno/cookies	https://github.com/ako-deno/cookies	0	0	0	2	false	
content_disposition	ako-deno/content_disposition	https://github.com/ako-deno/content_disposition	0	0	0	2	false	
xchacha20	chiefbiiko/xchacha20	https://github.com/chiefbiiko/xchacha20	0	0	0	1	false	XChaCha20
deno_worldtides	JWebCoder/deno_worldtides	https://github.com/JWebCoder/deno_worldtides	0	0	0	1	false	Worldtides API wrapper for Deno
win_taskkill	rjoydip/win_taskkill	https://github.com/rjoydip/win_taskkill	0	0	0	1	false	Wrapper for the Windows `taskkill` command. Ends one or more tasks or processes.
wasm-imports	AliBasicCoder/wasm-imports	https://github.com/AliBasicCoder/wasm-imports	0	0	0	1	false	
waitgroup-deno	jpwilliams/waitgroup-deno	https://github.com/jpwilliams/waitgroup-deno	0	0	0	1	false	A tiny version of Golang's WaitGroup for Deno with promises and zero dependencies.
vary	ako-deno/vary	https://github.com/ako-deno/vary	0	0	0	1	false	Manipulate the HTTP Vary header for Deno
valideno	Caesar2011/valideno	https://github.com/Caesar2011/valideno	0	0	0	1	false	Validate your values and schemes with this extendable validator
utfstring	sant123/utfstring	https://github.com/sant123/utfstring	0	0	0	1	false	UTF-safe string operations in Deno
url_validator	r-kgy/url_validator	https://github.com/r-kgy/url_validator	0	0	0	1	false	simple url validator for deno
url-parse	roonie007/url-parse	https://github.com/roonie007/url-parse	0	0	0	1	false	A simple url builder based on the URL object for Deno with typescript
url-join	roonie007/url-join	https://github.com/roonie007/url-join	0	0	0	1	false	A simple port of the NodeJS module url-join to Deno with typescript
uapi	shynome/uapi	https://github.com/shynome/uapi	0	0	0	1	false	your api serverless framework with deno
typed_numeric_deno	glatan/typed_numeric_deno	https://github.com/glatan/typed_numeric_deno	0	0	0	1	false	Typed numeric for Deno.
ts-prometheus	marcopacini/ts-prometheus	https://github.com/marcopacini/ts-prometheus	0	0	0	1	false	A prometheus client in Typescript for Deno
troodon	shandysiswandi/troodon	https://github.com/shandysiswandi/troodon	0	0	0	1	false	ü¶ñ Troodon is a Library for Deno to Handle Algorithms
transform	marcosc90/transform	https://github.com/marcosc90/transform	0	0	0	1	false	This package provides wrappers for Deno.Reader that transform the bytes passing through as well as multiple built-in transformers.
toolbelt	gokayokyay/toolbelt	https://github.com/gokayokyay/toolbelt	0	0	0	1	false	Toolbelt for Deno
deno-title	satyarohith/deno-title	https://github.com/satyarohith/deno-title	0	0	0	1	false	Capitalize your titles as per The Chicago Manual of Style.
deno-timezone	wrzonki/deno-timezone	https://github.com/wrzonki/deno-timezone	0	0	0	1	false	
tckimlik	serkanalgur/tckimlik	https://github.com/serkanalgur/tckimlik	0	0	0	1	false	A tool for validate Turkish Identification Number. Deno version
talk-lib	JipFr/talk-lib	https://github.com/JipFr/talk-lib	0	0	0	1	false	Deno library to work with Nextcloud Talk
suzhou-numerals	weakish/suzhou-numerals	https://github.com/weakish/suzhou-numerals	0	0	0	1	false	Encoding and decoding Suzhou numerals.
supports-color	frunkad/supports-color	https://github.com/frunkad/supports-color	0	0	0	1	false	Detect whether a terminal supports color in Deno ü¶ï
studlyfy	lewislbr/studlyfy	https://github.com/lewislbr/studlyfy	0	0	0	1	false	A package to transform text to StUdLy CaPs.
deno-string-builder	bqio/deno-string-builder	https://github.com/bqio/deno-string-builder	0	0	0	1	false	Simple string builder.
strcolors.ts	jabernardo/strcolors.ts	https://github.com/jabernardo/strcolors.ts	0	0	0	1	false	FMT String Extensions for Deno
store	acathur/store	https://github.com/acathur/store	0	0	0	1	false	A key-value store that persists on disk for Deno.
Specosaur	SachaCR/Specosaur	https://github.com/SachaCR/Specosaur	0	0	0	1	false	Specification pattern library for Deno.
skimming	petruki/skimming	https://github.com/petruki/skimming	0	0	0	1	false	Skimming is a search engine module for Deno
deno_simple_type_assert	KSXGitHub/deno_simple_type_assert	https://github.com/KSXGitHub/deno_simple_type_assert	0	0	0	1	false	Simple type assertion library for Deno
deno-shell-escape	KSXGitHub/deno-shell-escape	https://github.com/KSXGitHub/deno-shell-escape	0	0	0	1	false	Escape and stringify an array of arguments to be executed on the shell
run_with_limit	alextes/run_with_limit	https://github.com/alextes/run_with_limit	0	0	0	1	false	Run promise-returning & async functions with limited concurrency
rua	often/rua	https://github.com/often/rua	0	0	0	1	false	Random user-agent generator module for Deno.
deno-roblox	lenneths/deno-roblox	https://github.com/lenneths/deno-roblox	0	0	0	1	false	roblox - An api wrapper for roblox made in deno
Rhino	faustotnc/Rhino	https://github.com/faustotnc/Rhino	0	0	0	1	false	Rhino ü¶è - Deno Framework for scalable APIs.
retry	franckLdx/retry	https://github.com/franckLdx/retry	0	0	0	1	false	Re-execute a function until it does not throw an error
resulty	RobDWaller/resulty	https://github.com/RobDWaller/resulty	0	0	0	1	false	Provides simple, Rust-like Result and Option objects for Deno.
deno-readline	vslinko/deno-readline	https://github.com/vslinko/deno-readline	0	0	0	1	false	
random	vincentvictoria/random	https://github.com/vincentvictoria/random	0	0	0	1	false	
deno-rand	rsp/deno-rand	https://github.com/rsp/deno-rand	0	0	0	1	false	Random utilities for getting random numbers in Deno
quarrel	fatalcenturion/quarrel	https://github.com/fatalcenturion/quarrel	0	0	0	1	false	A Deno command line argument parser, highly configurable, and fast (well, not yet)
punycode.ts	ClementD64/punycode.ts	https://github.com/ClementD64/punycode.ts	0	0	0	1	false	A robust Punycode converter that fully complies to RFC 3492 and RFC 5891.
proxyScrape	often/proxyScrape	https://github.com/often/proxyScrape	0	0	0	1	false	Lightweight proxy scraper for Deno.
portl	FalkZ/portl	https://github.com/FalkZ/portl	0	0	0	1	false	0 configuration backend, for serving js functions and generators
poly1305	chiefbiiko/poly1305	https://github.com/chiefbiiko/poly1305	0	0	0	1	false	Poly1305
deno-path-to-regexp	namelos/deno-path-to-regexp	https://github.com/namelos/deno-path-to-regexp	0	0	0	1	false	path-to-regexp for Deno.
password-generator	satty1987/password-generator	https://github.com/satty1987/password-generator	0	0	0	1	false	
opener	denjucks/opener	https://github.com/denjucks/opener	0	0	0	1	false	Opener - A Simple Cross-Platform Browser Opener for Deno
open-deno-weather	FriendlyUser/open-deno-weather	https://github.com/FriendlyUser/open-deno-weather	0	0	0	1	false	Port of my typescript open weather package
deno-once	KSXGitHub/deno-once	https://github.com/KSXGitHub/deno-once	0	0	0	1	false	Create a function that calls and cache a function once
number_to_words	guptamohit004/number_to_words	https://github.com/guptamohit004/number_to_words	0	0	0	1	false	Convert a Number to Words
deno-number-formatter	nusendra/deno-number-formatter	https://github.com/nusendra/deno-number-formatter	0	0	0	1	false	Number formatter in deno
node-buffer	AliBasicCoder/node-buffer	https://github.com/AliBasicCoder/node-buffer	0	0	0	1	false	
njalla	finder/njalla	https://github.com/finder/njalla	0	0	0	1	false	Njalla API wrapper for Deno.
deno-ndjson	FaberVitale/deno-ndjson	https://github.com/FaberVitale/deno-ndjson	0	0	0	1	false	Read, write, parse and serialize new line delimited JSON in deno: http://ndjson.org/
mutex	mauvexephos/mutex	https://github.com/mauvexephos/mutex	0	0	0	1	false	A mutex module for Deno
mustache	alosaur/mustache	https://github.com/alosaur/mustache	0	0	0	1	false	Template render
mixins	udibo/mixins	https://github.com/udibo/mixins	0	0	0	1	false	This module provides a few basic functions to help combine objects or build up classes from partial classes.
mith_static	JWebCoder/mith_static	https://github.com/JWebCoder/mith_static	0	0	0	1	false	Serve static files under Mith framework
minitable	bernardini687/minitable	https://github.com/bernardini687/minitable	0	0	0	1	false	ü¶ï deno utility module for simple table printing
minidate	bernardini687/minidate	https://github.com/bernardini687/minidate	0	0	0	1	false	ü¶ï deno utility module for simple date creation
mime_db	alirealasad/mime_db	https://github.com/alirealasad/mime_db	0	0	0	1	false	Media Type Database for deno based on https://github.com/jshttp/mime-db.
mercuriceratops	spitlo/mercuriceratops	https://github.com/spitlo/mercuriceratops	0	0	0	1	false	A very basic client for Gemini, written for Deno
media_typer	ako-deno/media_typer	https://github.com/ako-deno/media_typer	0	0	0	1	false	Simple RFC 6838 media type parser and formatter for Deno.
deno-md5	halvardssm/deno-md5	https://github.com/halvardssm/deno-md5	0	0	0	1	false	An MD5 implementation for deno
match-ts	gustavofsantos/match-ts	https://github.com/gustavofsantos/match-ts	0	0	0	1	false	Match expressions (Deno ready)
deno-make-help	konsumer/deno-make-help	https://github.com/konsumer/deno-make-help	0	0	0	1	false	Make nice help for deno Makefiles
mac	acathur/mac	https://github.com/acathur/mac	0	0	0	1	false	Get the MAC addresses of the current machine in Deno.
deno-luhn	howlowck/deno-luhn	https://github.com/howlowck/deno-luhn	0	0	0	1	false	Luhn Algorithm Validator for Deno
LRU	liltoto/LRU	https://github.com/liltoto/LRU	0	0	0	1	false	Simple and powerful LRU cache for Deno
lolcat	qwerttty/lolcat	https://github.com/qwerttty/lolcat	0	0	0	1	false	Deno port of lolcat
lifeson-ipsum	snerks/lifeson-ipsum	https://github.com/snerks/lifeson-ipsum	0	0	0	1	false	Lorem Ipsum sample Deno Module
leet	often/leet	https://github.com/often/leet	0	0	0	1	false	Text to leetspeak module for Deno.
keygrip-deno	ako-deno/keygrip-deno	https://github.com/ako-deno/keygrip-deno	0	0	0	1	false	A keygrip implementation in Deno
deno-json-rpc	ondras/deno-json-rpc	https://github.com/ondras/deno-json-rpc	0	0	0	1	false	
is_url	rubiin/is_url	https://github.com/rubiin/is_url	0	0	0	1	false	check if a url is aboulte or relative
is_exe	eankeen/is_exe	https://github.com/eankeen/is_exe	0	0	0	1	false	test if a file is executable
isNumber	ajimae/isNumber	https://github.com/ajimae/isNumber	0	0	0	1	false	a deno module to check if a given value or variable is a number
isIP	ako-deno/isIP	https://github.com/ako-deno/isIP	0	0	0	1	false	IP address detector for Deno.
deno-ip	damianperera/deno-ip	https://github.com/damianperera/deno-ip	0	0	0	1	false	A Deno module which provides access to ipify.org APIs allowing the ability to detect your IP address or lookup geolocation data on a provided IP address, domain or email.
deno-ifttt	0xVesion/deno-ifttt	https://github.com/0xVesion/deno-ifttt	0	0	0	1	false	This library makes triggering IFTTT webhook events with deno easy.
idea	NotSyntax/idea	https://github.com/NotSyntax/idea	0	0	0	1	false	Generate ideas.
http_errors	ako-deno/http_errors	https://github.com/ako-deno/http_errors	0	0	0	1	false	Create HTTP Error for Deno
deno_html_entities	matschik/deno_html_entities	https://github.com/matschik/deno_html_entities	0	0	0	1	false	Fast html entities decode & encode library for Deno.
hk-stock-cli	yeukfei02/hk-stock-cli	https://github.com/yeukfei02/hk-stock-cli	0	0	0	1	false	Get hk stock information cli
hk-stock-api	yeukfei02/hk-stock-api	https://github.com/yeukfei02/hk-stock-api	0	0	0	1	false	get hk stock information in deno
deno-hctk	miZyind/deno-hctk	https://github.com/miZyind/deno-hctk	0	0	0	1	false	Deno HantChar to Keyboard Êº¢Â≠óËΩâÈçµÁõ§ÈÖçÁΩÆ
greet_user	guptamohit004/greet_user	https://github.com/guptamohit004/greet_user	0	0	0	1	false	Greet a user according to the TimeZone  using DENO
graphql-tag-deno	davidmwhynot/graphql-tag-deno	https://github.com/davidmwhynot/graphql-tag-deno	0	0	0	1	false	
deno-getfiles	lencx/deno-getfiles	https://github.com/lencx/deno-getfiles	0	0	0	1	false	üìÇ Recursively get all files in a directory
geosearch-deno	bartholomej/geosearch-deno	https://github.com/bartholomej/geosearch-deno	0	0	0	1	false	Simple Deno CLI library to find places all around the world
fresh-deno	ako-deno/fresh-deno	https://github.com/ako-deno/fresh-deno	0	0	0	1	false	
deno-fireflix	AlfieriChou/deno-fireflix	https://github.com/AlfieriChou/deno-fireflix	0	0	0	1	false	
UniqueIDGenerator	ajimae/UniqueIDGenerator	https://github.com/ajimae/UniqueIDGenerator	0	0	0	1	false	Firebase Push ID Generator
deno-file-chunk	ClementD64/deno-file-chunk	https://github.com/ClementD64/deno-file-chunk	0	0	0	1	false	Read a chunk of file
favQuote-cli	yeukfei02/favQuote-cli	https://github.com/yeukfei02/favQuote-cli	0	0	0	1	false	Get favourite or random quote cli
deno_fastlist	MarkTiedemann/deno_fastlist	https://github.com/MarkTiedemann/deno_fastlist	0	0	0	1	false	List all running processes on Windows.
exec	acathur/exec	https://github.com/acathur/exec	0	0	0	1	false	Execute and get the output of a shell or bash command in Deno.
deno-exec	gpasq/deno-exec	https://github.com/gpasq/deno-exec	0	0	0	1	false	
deno-event-kit	lemarier/deno-event-kit	https://github.com/lemarier/deno-event-kit	0	0	0	1	false	Simple module for implementing event subscription APIs with Deno.
escape_string_regexp	Sab94/escape_string_regexp	https://github.com/Sab94/escape_string_regexp	0	0	0	1	false	Escape RegExp special characters
deno-env-paths	lemarier/deno-env-paths	https://github.com/lemarier/deno-env-paths	0	0	0	1	false	Get paths for storing things like data, config, cache, etc with Deno.
ensure	eankeen/ensure	https://github.com/eankeen/ensure	0	0	0	1	false	Ensure you are running a minimum version of Deno, Typescript, or V8
endianness	denolibs/endianness	https://github.com/denolibs/endianness	0	0	0	1	false	A simple module to determine the endianness of the host
deno-ende	rsp/deno-ende	https://github.com/rsp/deno-ende	0	0	0	1	false	Text encoder and decoder exported as simple functions
encoding-wasm	marcosc90/encoding-wasm	https://github.com/marcosc90/encoding-wasm	0	0	0	1	false	WASM Base64 encoder/decoder
encodeurl	ako-deno/encodeurl	https://github.com/ako-deno/encodeurl	0	0	0	1	false	Encode a URL to a percent-encoded form, excluding already-encoded sequences. Build for Deno
ejs-deno	femiruby/ejs-deno	https://github.com/femiruby/ejs-deno	0	0	0	1	false	EJS in Deno
dunner	luvies/dunner	https://github.com/luvies/dunner	0	0	0	1	false	A flexible declarative task runner inspired by make/jake
domdom-deno	eirikb/domdom-deno	https://github.com/eirikb/domdom-deno	0	0	0	1	false	The proactive web framework for the unprofessional - Deno build
dodecasaurus	mikeStr8s/dodecasaurus	https://github.com/mikeStr8s/dodecasaurus	0	0	0	1	false	A deno dice rolling utility
deno_dockernames	rodolphocastro/deno_dockernames	https://github.com/rodolphocastro/deno_dockernames	0	0	0	1	false	Moby's name generation now in Deno!
distance-calculator	michael-spengler/distance-calculator	https://github.com/michael-spengler/distance-calculator	0	0	0	1	false	
dinoblox	fracturx/dinoblox	https://github.com/fracturx/dinoblox	0	0	0	1	false	A Deno wrapper for interacting with the Roblox Web API.
deno-trie	silver-xu/deno-trie	https://github.com/silver-xu/deno-trie	0	0	0	1	false	Quick trie implementation for Deno
denosaur	ClementD64/denosaur	https://github.com/ClementD64/denosaur	0	0	0	1	false	Yet another web framework
DenoHub	NCPlayz/DenoHub	https://github.com/NCPlayz/DenoHub	0	0	0	1	false	A GitHub API v3 Client for Deno.
denoforge	denjucks/denoforge	https://github.com/denjucks/denoforge	0	0	0	1	false	Deno data science library similar to Python's Pandas. Port of the NodeJS library data-forge
denodate	t-heu/denodate	https://github.com/t-heu/denodate	0	0	0	1	false	generate date
deno-tft	FriendlyUser/deno-tft	https://github.com/FriendlyUser/deno-tft	0	0	0	1	false	
deno_shot	fakoua/deno_shot	https://github.com/fakoua/deno_shot	0	0	0	1	false	Deno WebCapture module
deno_scripts	PabloSzx/deno_scripts	https://github.com/PabloSzx/deno_scripts	0	0	0	1	false	Type-safe fully-featured centralized Deno project scripts ü¶ï
deno-plural	mauroerta/deno-plural	https://github.com/mauroerta/deno-plural	0	0	0	1	false	deno-plural module helps you to pluralize or singularize a given word.
deno-pixabay	yeukfei02/deno-pixabay	https://github.com/yeukfei02/deno-pixabay	0	0	0	1	false	search image and video from pixabay in deno
deno_minimist	FaberVitale/deno_minimist	https://github.com/FaberVitale/deno_minimist	0	0	0	1	false	üíæ Parses command line arguments. Port & rewrite of the node library minimist
deno-google-protobuf	marcushultman/deno-google-protobuf	https://github.com/marcushultman/deno-google-protobuf	0	0	0	1	false	
deno-flatten	yanislavgalyov/deno-flatten	https://github.com/yanislavgalyov/deno-flatten	0	0	0	1	false	Fast flattening arrray function
deno_dotenv	PodaruDragos/deno_dotenv	https://github.com/PodaruDragos/deno_dotenv	0	0	0	1	false	
deno-dinvishesh	vinodnimbalkar/deno-dinvishesh	https://github.com/vinodnimbalkar/deno-dinvishesh	0	0	0	1	false	A simple deno module which returns marathi dinvishesh ü¶ï
deno-context-finder	ebebbington/deno-context-finder	https://github.com/ebebbington/deno-context-finder	0	0	0	1	false	Extract context blocks from a configuration file
deno-check-thai-pid	thiti-y/deno-check-thai-pid	https://github.com/thiti-y/deno-check-thai-pid	0	0	0	1	false	
delay	vincentvictoria/delay	https://github.com/vincentvictoria/delay	0	0	0	1	false	
dedupe	Sab94/dedupe	https://github.com/Sab94/dedupe	0	0	0	1	false	removes duplicates from your array.
dblapi.ts	zSnails/dblapi.ts	https://github.com/zSnails/dblapi.ts	0	0	0	1	false	Api wrapper for top.gg
datauri-deno	data-uri/datauri-deno	https://github.com/data-uri/datauri-deno	0	0	0	1	false	Deno module to generate Data URI schemes
currencyFinder	yeukfei02/currencyFinder	https://github.com/yeukfei02/currencyFinder	0	0	0	1	false	find currency information in deno
cstring	often/cstring	https://github.com/often/cstring	0	0	0	1	false	Generate cryptographically random strings with ease.
crontab-deno	jchen1/crontab-deno	https://github.com/jchen1/crontab-deno	0	0	0	1	false	simple cron-based job runner for deno
content_type	ako-deno/content_type	https://github.com/ako-deno/content_type	0	0	0	1	false	Create and parse HTTP Content-Type header according to RFC 7231 for Deno
config	eankeen/config	https://github.com/eankeen/config	0	0	0	1	false	A deno module that helps you load configuration
deno-caught	rsp/deno-caught	https://github.com/rsp/deno-caught	0	0	0	1	false	Deno port of https://github.com/rsp/node-caught
caller	apiel/caller	https://github.com/apiel/caller	0	0	0	1	false	
bsv-deno	bitcartel/bsv-deno	https://github.com/bitcartel/bsv-deno	0	0	0	1	false	Bitcoin SV library for Deno
deno-blox	goldyydev/deno-blox	https://github.com/goldyydev/deno-blox	0	0	0	1	false	A Roblox API Interface for Deno
binary	bqio/binary	https://github.com/bqio/binary	0	0	0	1	false	Binary library for Deno.
bigfloat-deno	davidmartinez10/bigfloat-deno	https://github.com/davidmartinez10/bigfloat-deno	0	0	0	1	false	A library for arbitrary precision decimal floating point arithmetic.
bgpview	often/bgpview	https://github.com/often/bgpview	0	0	0	1	false	Lightweight BGPView API wrapper.
bandwidth-throttle-stream	patrickkunka/bandwidth-throttle-stream	https://github.com/patrickkunka/bandwidth-throttle-stream	0	0	0	1	false	A Node.js and Deno transform stream for throttling bandwidth
b32	orzv/b32	https://github.com/orzv/b32	0	0	0	1	false	Base32 encoder & decoder for Deno
ts-arrays	damianperera/ts-arrays	https://github.com/damianperera/ts-arrays	0	0	0	1	false	Provides utility methods for common Array operations
a0	being-curious/a0	https://github.com/being-curious/a0	0	0	0	1	false	a0 - A command line utility to manage text/number/email/password/address/note with Alias to easy recall & copy to clipboard.
30-seconds-of-typescript	deepakshrma/30-seconds-of-typescript	https://github.com/deepakshrma/30-seconds-of-typescript	0	0	0	1	false	
zap	deno-nonstd/zap	https://github.com/deno-nonstd/zap	0	0	0	0	false	Adds a config file to make it easier to use complex Deno shell commands.
xrange	parzh/xrange	https://github.com/parzh/xrange	0	0	0	0	false	Python-esque iterator for number ranges
win_tasklist	rjoydip/win_tasklist	https://github.com/rjoydip/win_tasklist	0	0	0	0	false	Wrapper for the Windows tasklist command.
webcomponent	DenoBRComunitty/webcomponent	https://github.com/DenoBRComunitty/webcomponent	0	0	0	0	false	Lightweight utilities for constructing web components
wait_for_localhost	rjoydip/wait_for_localhost	https://github.com/rjoydip/wait_for_localhost	0	0	0	0	false	Wait for localhost to be ready
unrar	deno-library/unrar	https://github.com/deno-library/unrar	0	0	0	0	false	
tweetnacl-deno	dr-useless/tweetnacl-deno	https://github.com/dr-useless/tweetnacl-deno	0	0	0	0	false	Port of TweetNaCl cryptographic library to TypeScript for Deno
siphash24	chiefbiiko/siphash24	https://github.com/chiefbiiko/siphash24	0	0	0	0	false	SipHash24 implemented in WebAssembly
pug	DenoBRComunitty/pug	https://github.com/DenoBRComunitty/pug	0	0	0	0	false	Pug ‚Äì robust, elegant, feature rich template engine for Deno.
propx	LuisPaGarcia/propx	https://github.com/LuisPaGarcia/propx	0	0	0	0	false	Access and create object props safe and with confidence
podio-ts	open-zhy/podio-ts	https://github.com/open-zhy/podio-ts	0	0	0	0	false	Podio client module for Deno and Typescript programming
nth-check	DenoBRComunitty/nth-check	https://github.com/DenoBRComunitty/nth-check	0	0	0	0	false	performant nth-check parser & compiler
neta	XiangnianZhou/neta	https://github.com/XiangnianZhou/neta	0	0	0	0	false	A SRT and ASS/SSA  subtitle parser ü¶ï
nattramn	Vufuzi/nattramn	https://github.com/Vufuzi/nattramn	0	0	0	0	false	Universal web applications with Deno.
logger	deno-library/logger	https://github.com/deno-library/logger	0	0	0	0	false	logger for deno
is_type	rjoydip/is_type	https://github.com/rjoydip/is_type	0	0	0	0	false	Type check values
isUp	rjoydip/isUp	https://github.com/rjoydip/isUp	0	0	0	0	false	Check whether a website is up or down
events	deno-library/events	https://github.com/deno-library/events	0	0	0	0	false	EventEmitter for deno
entities	DenoBRComunitty/entities	https://github.com/DenoBRComunitty/entities	0	0	0	0	false	ü¶ï encode & decode XML/HTML entities with easy for deno
deno_serialize_error	rjoydip/deno_serialize_error	https://github.com/rjoydip/deno_serialize_error	0	0	0	0	false	Serialize/deserialize an error into a plain object
deno_http_router	yuenc/deno_http_router	https://github.com/yuenc/deno_http_router	0	0	0	0	false	deno http router
convert_time	guptamohit004/convert_time	https://github.com/guptamohit004/convert_time	0	0	0	0	false	Convert Time from one Timezone to Another based on User's Location using DENO
color-deno	Vuelancer/color-deno	https://github.com/Vuelancer/color-deno	0	0	0	0	false	Deno library for printing colored logs
chacha20	chiefbiiko/chacha20	https://github.com/chiefbiiko/chacha20	0	0	0	0	false	ChaCha20
deno-cep	Desenroladev/deno-cep	https://github.com/Desenroladev/deno-cep	0	0	0	0	false	Busca por CEP integrado diretamente ao servi√ßo do ViaCEP (Deno)
boolbase	DenoBRComunitty/boolbase	https://github.com/DenoBRComunitty/boolbase	0	0	0	0	false	Only two functions: one that returns true, one that returns false
auto-bind	jgchk/auto-bind	https://github.com/jgchk/auto-bind	0	0	0	0	false	automatically bind methods to their class instance üåü‚ú®