deno	denoland/deno	https://github.com/denoland/deno	66172	3377	66172	1755	false	A secure JavaScript and TypeScript runtime
lodash	lodash/lodash	https://github.com/lodash/lodash	45994	5107	45994	887	false	A modern JavaScript utility library delivering modularity, performance, & extras.
date-fns	date-fns/date-fns	https://github.com/date-fns/date-fns	23031	1041	23031	226	false	‚è≥ Modern JavaScript date utility library ‚åõÔ∏è
Fuse	krisk/Fuse	https://github.com/krisk/Fuse	11076	597	11076	139	false	Lightweight fuzzy-search, in JavaScript
ky	sindresorhus/ky	https://github.com/sindresorhus/ky	5720	202	5720	46	false	üå≥ Tiny & elegant HTTP client based on window.fetch
i18next	i18next/i18next	https://github.com/i18next/i18next	5157	510	5157	83	false	 i18next: learn once - translate everywhere
effector	zerobias/effector	https://github.com/zerobias/effector	2645	102	2645	38	false	The state manager ‚òÑÔ∏è
oak	oakserver/oak	https://github.com/oakserver/oak	2296	126	2296	34	false	A middleware framework for Deno's net server üêøÔ∏è ü¶ï
deno_install	denoland/deno_install	https://github.com/denoland/deno_install	688	94	688	36	false	Deno Binary Installer
servest	keroxp/servest	https://github.com/keroxp/servest	590	33	590	13	false	üåæA progressive http server for Denoüåæ
deno-drash	drashland/deno-drash	https://github.com/drashland/deno-drash	559	18	559	15	false	A REST microframework for Deno's HTTP server with zero dependencies.
financial	lmammino/financial	https://github.com/lmammino/financial	479	9	479	9	false	A Zero-dependency TypeScript/JavaScript financial library (based on numpy-financial) for Node.js, Deno and the browser
denon	denosaurs/denon	https://github.com/denosaurs/denon	478	27	478	7	false	üëÄ Monitor any changes in your Deno application and automatically restart.
webview_deno	webview/webview_deno	https://github.com/webview/webview_deno	463	30	463	21	false	üåê Deno bindings for webview, a tiny library for creating web-based desktop GUIs
abc	zhmushan/abc	https://github.com/zhmushan/abc	432	43	432	21	false	A better Deno framework to create web application.
alosaur	alosaur/alosaur	https://github.com/alosaur/alosaur	418	34	418	18	false	Alosaur - Deno web framework with many decorators
deno-lambda	hayd/deno-lambda	https://github.com/hayd/deno-lambda	411	16	411	11	false	A deno runtime for AWS Lambda. Deploy deno via SAM, serverless, or bundle it yourself.
pagic	xcatliu/pagic	https://github.com/xcatliu/pagic	379	32	379	17	false	A static site generator powered by Deno + React
deno-nessie	halvardssm/deno-nessie	https://github.com/halvardssm/deno-nessie	346	17	346	7	false	A modular Deno library for PostgreSQL, MySQL, MariaDB and SQLite migrations
velociraptor	umbopepato/velociraptor	https://github.com/umbopepato/velociraptor	294	13	294	3	false	An alternative to npm scripts for Deno
yargs-parser	yargs/yargs-parser	https://github.com/yargs/yargs-parser	292	72	292	4	false	:muscle: the mighty option parser used by yargs
autopilot-deno	divy-work/autopilot-deno	https://github.com/divy-work/autopilot-deno	283	5	283	6	false	:rocket: Cross-platform desktop automation library for Deno.
deno-postgres	deno-postgres/deno-postgres	https://github.com/deno-postgres/deno-postgres	269	40	269	8	false	PostgreSQL driver for Deno
pogo	sholladay/pogo	https://github.com/sholladay/pogo	266	25	266	13	false	Server framework for Deno
deno-redis	denolib/deno-redis	https://github.com/denolib/deno-redis	226	22	226	8	false	ü¶ï Redis client for Deno üçï
Trex	crewdevio/Trex	https://github.com/crewdevio/Trex	210	5	210	2	false	Package Manager for deno ü¶ï
denodb	eveningkid/denodb	https://github.com/eveningkid/denodb	202	19	202	7	false	MySQL, SQLite, MariaDB, PostgreSQL and MongoDB ORM for Deno
monads	hqoss/monads	https://github.com/hqoss/monads	178	10	178	6	false	üëª Type safe Option, Result, and Either types; inspired by Rust
deno_mongo	manyuanrong/deno_mongo	https://github.com/manyuanrong/deno_mongo	174	36	174	6	false	MongoDB driver for Deno
evt	garronej/evt	https://github.com/garronej/evt	171	4	171	6	false	üíßEventEmitter's typesafe replacement
enum	adrai/enum	https://github.com/adrai/enum	164	29	164	8	false	Enum is a javascript module that introduces the Enum Type. It works for node.js, in the browser and for deno.
dvm	justjavac/dvm	https://github.com/justjavac/dvm	159	11	159	2	false	Deno Version Manager - Easy way to manage multiple active deno versions.
opine	asos-craigmorten/opine	https://github.com/asos-craigmorten/opine	144	9	144	9	false	Fast, minimalist web framework for Deno ported from ExpressJS.
deno_mysql	manyuanrong/deno_mysql	https://github.com/manyuanrong/deno_mysql	142	30	142	9	false	 MySQL driver for Deno
computed-types	neuledge/computed-types	https://github.com/neuledge/computed-types	136	6	136	9	false	ü¶© Joi like validations for TypeScript
deno-sqlite	dyedgreen/deno-sqlite	https://github.com/dyedgreen/deno-sqlite	114	12	114	7	false	Deno SQLite module
type-detect	chaijs/type-detect	https://github.com/chaijs/type-detect	93	28	93	14	false	Improved typeof detection for node.js and the browser.
otpauth	hectorm/otpauth	https://github.com/hectorm/otpauth	89	16	89	7	false	One Time Password (HOTP/TOTP) library for Node.js, Deno and browsers.
denox	BentoumiTech/denox	https://github.com/BentoumiTech/denox	83	7	83	1	false	Script runner and workspace configuration for Deno
keycode-js	kabirbaidhya/keycode-js	https://github.com/kabirbaidhya/keycode-js	79	7	79	7	false	A javascript package with key code constants.
denovel	fauzan121002/denovel	https://github.com/fauzan121002/denovel	78	19	78	7	false	A Deno Framework For Web Artisan - Inspired by Laravel
dejs	syumai/dejs	https://github.com/syumai/dejs	77	2	77	6	false	ejs template engine for deno.
Discordeno	Skillz4Killz/Discordeno	https://github.com/Skillz4Killz/Discordeno	76	11	76	4	false	Discord Deno API library wrapper https://discordeno.netlify.app
dso	manyuanrong/dso	https://github.com/manyuanrong/dso	73	13	73	4	false	Simple Orm library for Deno based on deno_mysql
deno-udd	hayd/deno-udd	https://github.com/hayd/deno-udd	71	3	71	6	false	Update Deno Dependencies - update dependency urls to their latest published versions
deno-fen	fen-land/deno-fen	https://github.com/fen-land/deno-fen	71	2	71	9	false	a simple web framework for deno
coward	fox-cat/coward	https://github.com/fox-cat/coward	70	11	70	8	false	üêî Coward is a Deno module for easy interaction with the Discord API.
text-clipper	arendjr/text-clipper	https://github.com/arendjr/text-clipper	69	8	69	4	false	Fast and correct clip functions for HTML and plain text
easy-soap-request	circa10a/easy-soap-request	https://github.com/circa10a/easy-soap-request	68	29	68	5	false	Small Node.js library to make SOAP requests easier
nexo	nexojs/nexo	https://github.com/nexojs/nexo	66	2	66	3	false	Preact apps with Deno
denotrain	Caesar2011/denotrain	https://github.com/Caesar2011/denotrain	65	10	65	3	false	Web framework for Deno with often-used functions included
mandarinets	mandarineorg/mandarinets	https://github.com/mandarineorg/mandarinets	65	5	65	7	false	Mandarine.TS is a typescript, decorator-driven framework that allows you to create server-side applications. Mandarine.TS provides a range of built-in solutions such as Dependency Injection, Components, ORM and more. Under its umbrella, Mandarine.TS has 4 modules: Core, Data, Security and MVC, these modules will offer you the requirements to build a Mandarine-powered application.
deno-dotenv	pietvanzoen/deno-dotenv	https://github.com/pietvanzoen/deno-dotenv	63	6	63	4	false	Dotenv file handling for deno.
azure-functions-deno-worker	anthonychu/azure-functions-deno-worker	https://github.com/anthonychu/azure-functions-deno-worker	63	6	63	3	false	Run Deno ü¶ï on Azure Functions ‚ö°Ô∏è
reno	reno-router/reno	https://github.com/reno-router/reno	62	3	62	3	false	A thin, testable routing library designed to sit on top of Deno's standard HTTP module
denofun	galkowskit/denofun	https://github.com/galkowskit/denofun	60	9	60	5	false	Small utility library containing functions, monads and other fun stuff.
drake	srackham/drake	https://github.com/srackham/drake	52	1	52	1	false	Drake is a make-like task runner for Deno.
typeorm	denolib/typeorm	https://github.com/denolib/typeorm	50	4	50	4	false	Forked from https://github.com/typeorm/typeorm
dem	syumai/dem	https://github.com/syumai/dem	50	1	50	2	false	A module version manager for Deno.
i18next-http-backend	i18next/i18next-http-backend	https://github.com/i18next/i18next-http-backend	49	16	49	4	false	i18next-http-backend is a backend layer for i18next using in Node.js, in the browser and for Deno.
denomander	siokas/denomander	https://github.com/siokas/denomander	47	3	47	5	false	Deno command-line interfaces made easy
fastro	fastrodev/fastro	https://github.com/fastrodev/fastro	46	2	46	4	false	Fast and simple web framework with dynamic routing
noble-bls12-381	paulmillr/noble-bls12-381	https://github.com/paulmillr/noble-bls12-381	45	11	45	3	false	Noble BLS12-381 pairing-friendly curve in JS. High-security, easily auditable, 0-dep aggregated signatures & pubkey
noble-ed25519	paulmillr/noble-ed25519	https://github.com/paulmillr/noble-ed25519	45	5	45	2	false	Noble ed25519 + ristretto255. Fast, high-security, easily auditable, 0-dep, 1-file pubkey, scalarmult & EDDSA
attain	aaronwlee/attain	https://github.com/aaronwlee/attain	45	3	45	4	false	Deno API middleware Server
cotton	rahmanfadhil/cotton	https://github.com/rahmanfadhil/cotton	43	6	43	5	false	SQL Database Toolkit for Deno
noble-secp256k1	paulmillr/noble-secp256k1	https://github.com/paulmillr/noble-secp256k1	43	4	43	2	false	Noble secp256k1. Fast, high-security, easily auditable, 0-dep, 1-file pubkey & ECDSA signature scheme
djwt	timonson/djwt	https://github.com/timonson/djwt	42	4	42	3	false	the absolute minimum to make JSON Web Tokens in deno. Based on JWT and JWS specifications.
deno-watch	jinjor/deno-watch	https://github.com/jinjor/deno-watch	40	5	40	1	false	A pure deno file watcher.
dactyl	liamtan28/dactyl	https://github.com/liamtan28/dactyl	36	10	36	3	false	Web framework for Deno, built on top of Oak ü¶á
deno-cliffy	c4spar/deno-cliffy	https://github.com/c4spar/deno-cliffy	35	6	35	3	false	Command line framework for deno ü¶ï
i18next-locize-backend	locize/i18next-locize-backend	https://github.com/locize/i18next-locize-backend	34	17	34	2	false	A simple i18next backend for locize.com which can be used in Node.js, in the browser and for Deno.
dex	denjucks/dex	https://github.com/denjucks/dex	34	4	34	1	false	Dex: An SQL query builder port of Knex for Deno
oak-graphql	aaronwlee/oak-graphql	https://github.com/aaronwlee/oak-graphql	33	4	33	4	false	A simple graphql middleware for oak deno framework.
espresso	disizali/espresso	https://github.com/disizali/espresso	32	8	32	7	false	Minimal web framework for Deno
deku	yisar/deku	https://github.com/yisar/deku	32	3	32	2	false	‚õÑÔ∏è No-bundle Dev Server for ES modules with deno.
deno-imagemagick	leonelv/deno-imagemagick	https://github.com/leonelv/deno-imagemagick	32	2	32	1	false	Deno port of the WASM library for ImageMagick
dep	denodep/dep	https://github.com/denodep/dep	32	1	32	3	false	Deno dependency management tool.
denoliver	joakimunge/denoliver	https://github.com/joakimunge/denoliver	32	0	32	1	false	A simple, dependency free static file server for Deno with possibly the worst name ever.
deno_brotli	denosaurs/deno_brotli	https://github.com/denosaurs/deno_brotli	31	3	31	3	false	üóú Brotli wasm module for deno
fastest-levenshtein	ka-weihe/fastest-levenshtein	https://github.com/ka-weihe/fastest-levenshtein	31	2	31	2	false	The fastest implementation of Levenshtein distance in JavaScript.
deno-plugin-prepare	manyuanrong/deno-plugin-prepare	https://github.com/manyuanrong/deno-plugin-prepare	29	12	29	1	false	A library for managing deno native plugin dependencies
rimu	srackham/rimu	https://github.com/srackham/rimu	29	4	29	6	false	Readable text to HTML markup language
rhum	drashland/rhum	https://github.com/drashland/rhum	28	4	28	2	false	A lightweight testing framework for Deno.
destr	nuxt-contrib/destr	https://github.com/nuxt-contrib/destr	28	1	28	1	false	Faster, secure and convenient alternative for JSON.parse
deno-websocket	ryo-ma/deno-websocket	https://github.com/ryo-ma/deno-websocket	27	1	27	1	false	ü¶ï A simple WebSocket library like ws of node.js library for deno
parseargs	bartlomieju/parseargs	https://github.com/bartlomieju/parseargs	27	1	27	0	false	Migrated to https://github.com/denoland/deno_std
logs-js	apex/logs-js	https://github.com/apex/logs-js	27	0	27	1	false	Apex Logs client for Node, Deno, and the browser
sql-builder	manyuanrong/sql-builder	https://github.com/manyuanrong/sql-builder	26	7	26	2	false	SQL query builder for Deno
deno-smtp	manyuanrong/deno-smtp	https://github.com/manyuanrong/deno-smtp	25	13	25	1	false	SMTP implements for deno
denjucks	denjucks/denjucks	https://github.com/denjucks/denjucks	25	2	25	1	false	Deno templating engine
deno-pretty-assert	bokuweb/deno-pretty-assert	https://github.com/bokuweb/deno-pretty-assert	25	1	25	0	true	ü¶ïA colorful assertEqual for deno
angular_deno	alosaur/angular_deno	https://github.com/alosaur/angular_deno	24	1	24	3	false	Angular Deno - Experimental Angular renderer in server with Deno
Denocord	Denocord/Denocord	https://github.com/Denocord/Denocord	24	1	24	2	false	A fast, strongly typed and versatile Discord API wrapper for the Deno runtime. (WIP)
expect	allain/expect	https://github.com/allain/expect	23	7	23	1	false	helpers for writing jest like expect tests in deno
rhinoder	Caesar2011/rhinoder	https://github.com/Caesar2011/rhinoder	23	6	23	1	false	Reloads a deno application on file change
is-what	mesqueeb/is-what	https://github.com/mesqueeb/is-what	23	4	23	2	false	JS type check (TypeScript supported) functions like `isPlainObject() isArray()` etc. A simple & small integration.
deno-task-runner	jinjor/deno-task-runner	https://github.com/jinjor/deno-task-runner	23	4	23	1	false	Task runner for deno
merlin	crewdevio/merlin	https://github.com/crewdevio/merlin	23	0	23	1	false	Testing and Benchmarking framework for deno üßô‚Äç‚ôÇÔ∏è
deno_cron	rbrahul/deno_cron	https://github.com/rbrahul/deno_cron	22	0	22	1	false	A cron Job scheduler for Deno that allows you to write human readable cron syntax with tons of flexibility
keep-a-changelog	oscarotero/keep-a-changelog	https://github.com/oscarotero/keep-a-changelog	21	7	21	2	false	Node package to parse and generate changelogs
soxa	fakoua/soxa	https://github.com/fakoua/soxa	21	4	21	2	false	Promise based HTTP client for the deno
superdeno	asos-craigmorten/superdeno	https://github.com/asos-craigmorten/superdeno	21	1	21	1	false	Super-agent driven library for testing Deno HTTP servers.
router	zhmushan/router	https://github.com/zhmushan/router	21	0	21	1	false	A high-performance basic router works anywhere.
run_exclusive	garronej/run_exclusive	https://github.com/garronej/run_exclusive	21	0	21	1	false	‚ö°üîí Generate functions that do not allow parallel executions üîí ‚ö°
validasaur	emsifa/validasaur	https://github.com/emsifa/validasaur	19	5	19	2	false	Deno validation library
view-engine	deligenius/view-engine	https://github.com/deligenius/view-engine	19	3	19	1	false	üöÄA Template View Engine for Deno frameworks
sockets	drashland/sockets	https://github.com/drashland/sockets	19	2	19	4	false	A WebSocket library for Deno.
denogram	denogram/denogram	https://github.com/denogram/denogram	19	2	19	2	false	A Telegram Bot framework for Deno ü¶ï
deno-is	justjavac/deno-is	https://github.com/justjavac/deno-is	19	0	19	1	false	Detect the running environment and context of the current script
coffee	irandeno/coffee	https://github.com/irandeno/coffee	18	5	18	3	false	Deno Configuration
ask	jozsefsallai/ask	https://github.com/jozsefsallai/ask	18	4	18	3	false	interactive command-line prompts for deno
dev_server	zhmushan/dev_server	https://github.com/zhmushan/dev_server	18	1	18	2	false	Feel free to import TypeScript files in the script tag!
i18next-http-middleware	i18next/i18next-http-middleware	https://github.com/i18next/i18next-http-middleware	17	8	17	3	false	i18next-http-middleware is a middleware to be used with Node.js web frameworks like express or Fastify and also for Deno.
cordeno	cordeno/cordeno	https://github.com/cordeno/cordeno	16	4	16	2	false	ü¶ï A Discord API wrapper for developing discord bots using the Deno runtime.
ddoc	denosaurs/ddoc	https://github.com/denosaurs/ddoc	16	1	16	0	false	üìë Offline deno documentation in a desktop app, generated locally
deno_graphql	cvng/deno_graphql	https://github.com/cvng/deno_graphql	15	4	15	3	false	GraphQL HTTP middlewares for Deno server frameworks.
deno_gui	fakoua/deno_gui	https://github.com/fakoua/deno_gui	15	2	15	2	false	Deno Web GUI
dpx	denorg/dpx	https://github.com/denorg/dpx	15	1	15	5	false	üì¶ CLI to run a Deno package without installing it (like npx for Deno)
Fae	Jozty/Fae	https://github.com/Jozty/Fae	15	1	15	3	false	A functional module for Deno inspired from Ramda.
pgc4d	jakajancar/pgc4d	https://github.com/jakajancar/pgc4d	15	1	15	2	false	A full-featured PostgreSQL Client for Deno
dexecutor	denjucks/dexecutor	https://github.com/denjucks/dexecutor	15	1	15	1	false	Deno SQL Executor
deno_sqlite_plugin	crabmusket/deno_sqlite_plugin	https://github.com/crabmusket/deno_sqlite_plugin	15	1	15	1	false	Bindings to rusqlite for Deno
saur	tubbo/saur	https://github.com/tubbo/saur	15	0	15	2	false	a rapid web development framework for deno
cors	tajpouria/cors	https://github.com/tajpouria/cors	14	3	14	1	false	Deno.js module for providing a middleware that can be used to enable CORS with various options
casualdb	campvanilla/casualdb	https://github.com/campvanilla/casualdb	14	2	14	4	false	Simple JSON "database" for Deno with type-safety! ‚ö°Ô∏è
deno_math	axetroy/deno_math	https://github.com/axetroy/deno_math	14	2	14	2	false	Deno module for high-precision calculations and scientific computing
yolk	denjucks/yolk	https://github.com/denjucks/yolk	14	1	14	2	false	Yolk CLI - An Oak-based, batteries included CLI tool for the Oak framework, used to quickly create, structure, and run Oak applications.
graphql-deno	adelsz/graphql-deno	https://github.com/adelsz/graphql-deno	14	0	14	3	false	GraphQL-JS ported to Deno
dinja	denjucks/dinja	https://github.com/denjucks/dinja	14	0	14	2	false	Deno web framework
deno-amqp	lenkan/deno-amqp	https://github.com/lenkan/deno-amqp	13	3	13	1	false	
dmm	drashland/dmm	https://github.com/drashland/dmm	13	2	13	2	false	Lightweight Deno Module Manager
deno-bcrypt	JamesBroadberry/deno-bcrypt	https://github.com/JamesBroadberry/deno-bcrypt	13	1	13	2	false	A port of jBCrypt to TypeScript for use as a Deno module
lazy	luvies/lazy	https://github.com/luvies/lazy	13	1	13	1	false	A linq-like lazy-evaluation enumerable/iteration library that aims to support deno, node & browser
MQTT.ts	jdiamond/MQTT.ts	https://github.com/jdiamond/MQTT.ts	13	1	13	1	false	MQTT in TypeScript for Deno, Node.js, and browsers
core	levo-framework/core	https://github.com/levo-framework/core	13	0	13	3	false	Server side rendering with The Elm Architecture in Deno
superoak	asos-craigmorten/superoak	https://github.com/asos-craigmorten/superoak	13	0	13	1	false	HTTP assertions for Oak made easy via SuperDeno.
Upload-middleware-for-Oak-Deno-framework	hviana/Upload-middleware-for-Oak-Deno-framework	https://github.com/hviana/Upload-middleware-for-Oak-Deno-framework	12	5	12	2	false	This middleware automatically organizes uploads to avoid file system problems and create dirs if not exists, perform validations and optimizes ram usage when uploading big files using Deno standard libraries!
progress	deno-library/progress	https://github.com/deno-library/progress	12	1	12	2	false	ProgressBar in terminal for deno
deno-argon2	fdionisi/deno-argon2	https://github.com/fdionisi/deno-argon2	12	1	12	2	false	Argon2 encryption library for Deno
deligenius	deligenius/deligenius	https://github.com/deligenius/deligenius	12	1	12	1	false	Lightweight Deno middleware framework
deno_di	luvies/deno_di	https://github.com/luvies/deno_di	12	0	12	2	false	A dependency injection (IoC) module for deno
deno_mod	motss/deno_mod	https://github.com/motss/deno_mod	12	0	12	2	false	Deno modules
deno-cef	denjucks/deno-cef	https://github.com/denjucks/deno-cef	11	4	11	3	false	The Chromium Embedded Framework for Deno.
Ogone	SRNV/Ogone	https://github.com/SRNV/Ogone	11	2	11	1	false	Web-components compiler for Deno
deno_slugify	jcardama/deno_slugify	https://github.com/jcardama/deno_slugify	11	2	11	1	false	A string slugifier
drun	MarcHanin/drun	https://github.com/MarcHanin/drun	11	2	11	0	false	
flowed	danielduarte/flowed	https://github.com/danielduarte/flowed	11	1	11	6	false	A fast and reliable flow engine for orchestration in Node.js, Deno and the browser
youtube-deno	akshgpt7/youtube-deno	https://github.com/akshgpt7/youtube-deno	11	1	11	1	false	A Deno client library of the YouTube Data API.
bwt	chiefbiiko/bwt	https://github.com/chiefbiiko/bwt	11	0	11	3	false	Better Web Token - an iteration of web tokens with a bunch of improvements
deno_vscode_languageserver	denodev/deno_vscode_languageserver	https://github.com/denodev/deno_vscode_languageserver	11	0	11	1	false	Language server protocol implementation for VSCode. This allows implementing language services in JS/TS running on Deno.
dynamodb	chiefbiiko/dynamodb	https://github.com/chiefbiiko/dynamodb	10	5	10	1	false	deno <3 dynamodb
i18next-fs-backend	i18next/i18next-fs-backend	https://github.com/i18next/i18next-fs-backend	10	4	10	3	false	i18next-fs-backend is a backend layer for i18next using in Node.js and for Deno to load translations from the filesystem.
deno-zip	hayd/deno-zip	https://github.com/hayd/deno-zip	10	4	10	1	false	A JSZip wrapper for handling zipfiles in deno
ms	denolib/ms	https://github.com/denolib/ms	10	3	10	7	false	Tiny milisecond conversion utility. Ported from https://npmjs.com/ms
middleware	oakserver/middleware	https://github.com/oakserver/middleware	10	3	10	1	false	A collection of middleware to use with oak. üêøÔ∏è ü¶ï
deno-args	KSXGitHub/deno-args	https://github.com/KSXGitHub/deno-args	10	2	10	1	false	Extensible CLI arguments parser for Deno with intelligent TypeScript inference
deno-x-ranking	yoshixmk/deno-x-ranking	https://github.com/yoshixmk/deno-x-ranking	10	2	10	1	false	ü¶ï Deno Third Party Modules Ranking üëë
qrcode	denorg/qrcode	https://github.com/denorg/qrcode	10	0	10	5	false	üìá Generate QR code images in Deno
deno-ci	justjavac/deno-ci	https://github.com/justjavac/deno-ci	10	0	10	1	false	Get environment variables exposed by CI services
deno_sass	divy-work/deno_sass	https://github.com/divy-work/deno_sass	10	0	10	1	false	:rocket: Cute Sass compiler bindings to Deno.
iam-policies	roggervalf/iam-policies	https://github.com/roggervalf/iam-policies	9	4	9	1	false	Iam policies implementation for create roles and manage permissions
session	denjucks/session	https://github.com/denjucks/session	9	3	9	1	false	Sessions for deno web frameworks
deno-semver	justjavac/deno-semver	https://github.com/justjavac/deno-semver	9	2	9	1	false	The semver parser for Deno (a fork of node-semver using TypeScript) 
multiparser	deligenius/multiparser	https://github.com/deligenius/multiparser	9	1	9	2	false	multipart/form-data parser for Deno servers
prettyBenching	littletof/prettyBenching	https://github.com/littletof/prettyBenching	9	1	9	2	false	ü¶ï A small lib to make your Deno benchmarking progress and results look pretty
noble-ripemd160	paulmillr/noble-ripemd160	https://github.com/paulmillr/noble-ripemd160	9	1	9	1	false	Noble RIPEMD160. High-security, easily auditable, 0-dep, 1-file hash function
deno-uuid	lucascaro/deno-uuid	https://github.com/lucascaro/deno-uuid	9	1	9	1	false	Deprecated! UUID is part of the deno standard library
doa	JohannLai/doa	https://github.com/JohannLai/doa	9	0	9	1	false	A middleware framework for Deno's http serveü¶ï. Transplanted from Koa with ‚ù§Ô∏è
denopack	denofn/denopack	https://github.com/denofn/denopack	9	0	9	1	false	ü¶ïüì¶.  Bundling and minification toolset for Deno
FluffCord	Timeraa/FluffCord	https://github.com/Timeraa/FluffCord	9	0	9	1	false	Discord API Wrapper for deno
mock	udibo/mock	https://github.com/udibo/mock	9	0	9	1	false	This module provides utilities to help mock behavior and spy on function calls for tests.
orange	mandarineorg/orange	https://github.com/mandarineorg/orange	9	0	9	1	false	Orange is a testing framework for Deno which was originally created for Mandarine.
rad	cdaringe/rad	https://github.com/cdaringe/rad	9	0	9	1	false	general purpose build tool. statically typed, batteries included. command, function, and make-style tasks supported
cursornext	clitetailor/cursornext	https://github.com/clitetailor/cursornext	8	2	8	1	false	A minimalist library for parsing :cactus:
deno-emacs	rclarey/deno-emacs	https://github.com/rclarey/deno-emacs	8	1	8	1	false	A collection of utilities to allow for development with deno in emacs!
gentleRpc	timonson/gentleRpc	https://github.com/timonson/gentleRpc	8	1	8	1	false	JSON-RPC 2.0 TypeScript library for deno and browser
snelm	denjucks/snelm	https://github.com/denjucks/snelm	8	1	8	1	false	Snelm: improved security middleware for deno web frameworks, derived from helmet for Node.
gardens	partheseas/gardens	https://github.com/partheseas/gardens	8	0	8	2	false	A useful logging utility for JavaScript everywhere. üéâ
adka	apiel/adka	https://github.com/apiel/adka	8	0	8	1	false	SSG & SSR: Static site generator and server side rendering using JSX.
Houston	martonlederer/Houston	https://github.com/martonlederer/Houston	8	0	8	1	false	An advanced Deno logger, like Winston for Nodejs, with no dependencies
parry	denosaurs/parry	https://github.com/denosaurs/parry	8	0	8	1	false	üë∑üèΩ‚Äç‚ôÇÔ∏è Run deno functions in WebWorkers
summon	martonlederer/summon	https://github.com/martonlederer/summon	8	0	8	1	false	An elegant requests library for Deno
wasm_gzip	manyuanrong/wasm_gzip	https://github.com/manyuanrong/wasm_gzip	8	0	8	1	false	Gzip encryption and decryption wasm implementation, support Deno
deno-structured-logging	Yamboy1/deno-structured-logging	https://github.com/Yamboy1/deno-structured-logging	8	0	8	0	false	A structured logging module for Deno
denv	crowlKats/denv	https://github.com/crowlKats/denv	7	3	7	2	false	A module similar to dotEnv, but for Deno
statistics	ergenekonyigit/statistics	https://github.com/ergenekonyigit/statistics	7	2	7	2	false	Deno basic statistics module.
airtable-deno	grikomsn/airtable-deno	https://github.com/grikomsn/airtable-deno	7	1	7	2	false	Unofficial Airtable Client for Deno ü¶ï
carol	uki00a/carol	https://github.com/uki00a/carol	7	1	7	1	false	Build cross-platform desktop apps with Deno and HTML
maze_generator	TheWizardBear/maze_generator	https://github.com/TheWizardBear/maze_generator	7	1	7	1	false	A work-in-progress Javascript maze generator module, compatible with both Deno and Node.
deno-dom	b-fuze/deno-dom	https://github.com/b-fuze/deno-dom	7	0	7	5	false	Browser DOM in Deno
algebra	denosaurs/algebra	https://github.com/denosaurs/algebra	7	0	7	3	false	‚ûó Powerful math library for Deno (WIP)
deno-tar	divy-work/deno-tar	https://github.com/divy-work/deno-tar	7	0	7	2	true	TAR archive management in Deno :package:
axiod	roonie007/axiod	https://github.com/roonie007/axiod	7	0	7	2	false	Promise based HTTP client for Deno
descord	TheDrone7/descord	https://github.com/TheDrone7/descord	7	0	7	2	false	A discord API wrapper written using TypeScript for deno.
ts-prove	Pingid/ts-prove	https://github.com/Pingid/ts-prove	7	0	7	2	false	A lightweight composable decoding and validation library
Observe	duart38/Observe	https://github.com/duart38/Observe	7	0	7	2	false	Type-safe observable values in Deno
serve	maximousblk/serve	https://github.com/maximousblk/serve	7	0	7	2	false	A super simple Deno file server
deno-notify	divy-work/deno-notify	https://github.com/divy-work/deno-notify	7	0	7	1	false	Cross-platform system notification with Deno :rocket:
deno-using	hayd/deno-using	https://github.com/hayd/deno-using	7	0	7	1	false	python-style with statements for deno
jpeg.ts	fakoua/jpeg.ts	https://github.com/fakoua/jpeg.ts	7	0	7	1	false	A pure TypeScript JPEG encoder and decoder for deno
deno-drash-middleware	drashland/deno-drash-middleware	https://github.com/drashland/deno-drash-middleware	6	5	6	2	false	A middleware library for Drash.
media_types	oakserver/media_types	https://github.com/oakserver/media_types	6	3	6	1	false	A module that assists in resolving media types and extensions.
nlp	michael-spengler/nlp	https://github.com/michael-spengler/nlp	6	1	6	0	false	ü¶ï    Module for Natural Language Processing (NLP)
dexr	AkifumiSato/dexr	https://github.com/AkifumiSato/dexr	6	1	6	0	false	React SSR & hydrate library on Deno.
deno_twitter_api	stefanuros/deno_twitter_api	https://github.com/stefanuros/deno_twitter_api	6	0	6	3	false	A Deno Module to make accessing the Twitter API from Deno a bit easier. 
async-ray-deno	rpgeeganage/async-ray-deno	https://github.com/rpgeeganage/async-ray-deno	6	0	6	2	false	Provide async/await callbacks for every, find, findIndex, filter, forEach, map, reduce, reduceRight and some methods in Array.
Commands	crewdevio/Commands	https://github.com/crewdevio/Commands	6	0	6	2	false	üåà Create commands shortcuts for node js and deno
deno_lz4	denosaurs/deno_lz4	https://github.com/denosaurs/deno_lz4	6	0	6	2	false	üóú lz4 wasm module for deno
cabinet	dan-online/cabinet	https://github.com/dan-online/cabinet	6	0	6	1	false	Cabinet, the easier way to manage files in Deno
denocker	Oursin/denocker	https://github.com/Oursin/denocker	6	0	6	1	false	A Docker client library for Deno
deno-check-updates	Fzwael/deno-check-updates	https://github.com/Fzwael/deno-check-updates	6	0	6	1	false	:mag: Automatically checks deno dependencies versions from import maps file
food	michael-spengler/food	https://github.com/michael-spengler/food	6	0	6	1	false	ü¶ï    Deno module for food lovers üçìüççüçå. Feel free to enhance & contribute.
deno_s3	lucacasonato/deno_s3	https://github.com/lucacasonato/deno_s3	6	0	6	1	false	Amazon S3 for Deno
persistence	michael-spengler/persistence	https://github.com/michael-spengler/persistence	6	0	6	0	false	With this module you can use GitHub as a database. I guess this is only recommendable for small projects.
deno-checksum	manyuanrong/deno-checksum	https://github.com/manyuanrong/deno-checksum	5	3	5	1	false	Sha1„ÄÅMD5 algorithms for Deno
kia	HarryPeach/kia	https://github.com/HarryPeach/kia	5	3	5	1	false	Simple terminal spinners for Deno ü¶ï
up	denorg/up	https://github.com/denorg/up	5	2	5	5	false	üîå Check if a website is up with Deno
drand-client	drand/drand-client	https://github.com/drand/drand-client	5	2	5	1	false	üé≤ A JavaScript client to the drand randomness beacon network.
ink	fakoua/ink	https://github.com/fakoua/ink	5	1	5	2	false	Terminal string color for Deno
countries	michael-spengler/countries	https://github.com/michael-spengler/countries	5	1	5	1	false	ü¶ï    module which provides information about countries on earth + mars
deno_machine_id	axetroy/deno_machine_id	https://github.com/axetroy/deno_machine_id	5	1	5	1	false	Get the unique ID of the current machine
deno-minimatch	chrisdothtml/deno-minimatch	https://github.com/chrisdothtml/deno-minimatch	5	1	5	1	false	A deno port of minimatch
rsocket-deno	linux-china/rsocket-deno	https://github.com/linux-china/rsocket-deno	5	1	5	1	false	ü¶ïRSocket Deno module
rute	jabernardo/rute	https://github.com/jabernardo/rute	5	1	5	1	false	A Simple Router for Deno
investec-openapi	barrymichaeldoyle/investec-openapi	https://github.com/barrymichaeldoyle/investec-openapi	5	1	5	1	false	A JavaScript/TypeScript wrapper to get up and running fast with Investec's Open API for programmable banking.
deno-change-case	justjavac/deno-change-case	https://github.com/justjavac/deno-change-case	5	1	5	0	false	Convert strings between camelCase, PascalCase, Title Case, snake_case and more 
datetoken.js	sonirico/datetoken.js	https://github.com/sonirico/datetoken.js	5	0	5	2	false	Parse strings into relative date time objects, ideal for pickers and preventing premature cache invalidation
nats.deno	nats-io/nats.deno	https://github.com/nats-io/nats.deno	5	0	5	2	false	Deno client for NATS, the cloud native messaging system
deno-sendgrid	gpasq/deno-sendgrid	https://github.com/gpasq/deno-sendgrid	5	0	5	2	false	
serva	servaland/serva	https://github.com/servaland/serva	5	0	5	2	false	The zero setup web framework for Deno.
cities	michael-spengler/cities	https://github.com/michael-spengler/cities	5	0	5	1	false	ü¶ï    module provides information about cities on earth + mars 
tino	Vertrical/tino	https://github.com/Vertrical/tino	5	0	5	1	false	Tiny and functional HTTP server for Deno with local JSON REST API for rapid prototyping.
denovo	satyawikananda/denovo	https://github.com/satyawikananda/denovo	5	0	5	1	false	Un-official Ovo API wrapper for Deno ü¶ï
behin	lolivei/behin	https://github.com/lolivei/behin	5	0	5	1	false	One-time password lib for Deno ü¶ï‚è± (TOTP/HOTP)
deno-csv	vslinko/deno-csv	https://github.com/vslinko/deno-csv	5	0	5	1	false	Streaming API for reading and writing CSV for https://deno.land/
denoversion	lucascaro/denoversion	https://github.com/lucascaro/denoversion	5	0	5	1	false	Deno cli to manage and bump release versions.
fiona	billymoon/fiona	https://github.com/billymoon/fiona	5	0	5	1	false	
deno_free_port	axetroy/deno_free_port	https://github.com/axetroy/deno_free_port	5	0	5	1	false	Get free port for Deno
location	michael-spengler/location	https://github.com/michael-spengler/location	5	0	5	1	false	ü¶ï    Module to get Location Data - e.g. for IP Adresses or for Cities e.g. on earth üåç or on mars üöÄüë©‚ÄçüöÄüëØ‚Äç‚ôÄÔ∏èüõ∞üåå
mith	JWebCoder/mith	https://github.com/JWebCoder/mith	5	0	5	1	false	A middleware framework for Deno's http/s server.
q	phil-r/q	https://github.com/phil-r/q	5	0	5	1	false	Simple queue task runner written in typescript
deno-telegram-bot-api	dfvgbh/deno-telegram-bot-api	https://github.com/dfvgbh/deno-telegram-bot-api	5	0	5	1	false	Deno Telegram bot API
monitoring	michael-spengler/monitoring	https://github.com/michael-spengler/monitoring	5	0	5	1	false	ü¶ï    Module for Availability Monitoring - Sending Notifications via Telegram.
importw	asos-craigmorten/importw	https://github.com/asos-craigmorten/importw	5	0	5	1	false	Permission restricted imports for Deno.
deno-cuid	grantcarthew/deno-cuid	https://github.com/grantcarthew/deno-cuid	5	0	5	0	false	Collision-resistant ids optimized for horizontal scaling and performance.
importql	crewdevio/importql	https://github.com/crewdevio/importql	5	0	5	0	false	easy way to import and parse graphql files üé°
hmac	chiefbiiko/hmac	https://github.com/chiefbiiko/hmac	4	3	4	0	false	hash-based message authentication code
denock	SachaCR/denock	https://github.com/SachaCR/denock	4	3	4	0	false	Denock intercepts HTTP calls to allow mocking response from third parties API
ts_serialize	GameBridgeAI/ts_serialize	https://github.com/GameBridgeAI/ts_serialize	4	2	4	4	false	A zero dependency library for serializing data
http-wrapper	lindsaykwardell/http-wrapper	https://github.com/lindsaykwardell/http-wrapper	4	2	4	1	false	Simple Server/Router wrapper around Deno's HTTP module
create-deno-plugin	chiefbiiko/create-deno-plugin	https://github.com/chiefbiiko/create-deno-plugin	4	2	4	1	false	0-thought deno plugin skeletons
x-name	denorg/x-name	https://github.com/denorg/x-name	4	1	4	5	false	üè∑Ô∏è Check if a package name is available on deno.land/x
download	deno-module/download	https://github.com/deno-module/download	4	1	4	1	false	Deno fetch api based module to download file from a URL.
deno-ws	envis10n/deno-ws	https://github.com/envis10n/deno-ws	4	1	4	1	false	Event-driven WebSocket wrapper for Deno, utilizing the deno-std ws module.
recursive-readdir	denorg/recursive-readdir	https://github.com/denorg/recursive-readdir	4	0	4	5	false	üìÅ Recursively read directories in Deno
time.ts	burhanahmeed/time.ts	https://github.com/burhanahmeed/time.ts	4	0	4	1	false	Time.ts - A straightforward Deno timezone manipulation
async-call-rpc	Jack-Works/async-call-rpc	https://github.com/Jack-Works/async-call-rpc	4	0	4	1	false	A lightweight JSON RPC client & server
sdk-for-deno	appwrite/sdk-for-deno	https://github.com/appwrite/sdk-for-deno	4	0	4	1	false	[READ-ONLY] Official Appwrite Deno SDK
deno_dog	marc2332/deno_dog	https://github.com/marc2332/deno_dog	4	0	4	1	false	üê∂  A https://dog.ceo/dog-api/ wrapper for Deno
funky	ful-stackz/funky	https://github.com/ful-stackz/funky	4	0	4	1	false	Getting funky with Deno!
deno-observable	bsunderhus/deno-observable	https://github.com/bsunderhus/deno-observable	4	0	4	1	false	
deno_process	axetroy/deno_process	https://github.com/axetroy/deno_process	4	0	4	1	false	process module for Deno
reactive-js	bordoley/reactive-js	https://github.com/bordoley/reactive-js	4	0	4	1	false	Fast modern reactive Javascript programming library
status	denosaurs/status	https://github.com/denosaurs/status	4	0	4	1	false	üóø HTTP status utility for Deno. Based on Java Apache HttpStatus
ssgo	mdubourg001/ssgo	https://github.com/mdubourg001/ssgo	4	0	4	1	false	A minimalist, unconfigurable static site generator for Deno.
memes	Snowflake107/memes	https://github.com/Snowflake107/memes	4	0	4	0	false	Simple module for deno to resolve memes from a subreddit.
gusano	krthr/gusano	https://github.com/krthr/gusano	4	0	4	0	false	A minimal workflows lib for Deno ü¶ñ
plug	denosaurs/plug	https://github.com/denosaurs/plug	4	0	4	0	false	üîå Deno plugin management library
segno	Keimeno/segno	https://github.com/Keimeno/segno	4	0	4	0	false	segno (Segnosaurus). Validation library for Deno ü¶ï. Enforcing a high security standard.
take-five	toddself/take-five	https://github.com/toddself/take-five	4	0	4	0	false	JSON REST server
yummy	satyawikananda/yummy	https://github.com/satyawikananda/yummy	4	0	4	0	false	A simple wrapper themealdb.com API for Deno ü¶ï
deno_license_checker	kt3k/deno_license_checker	https://github.com/kt3k/deno_license_checker	3	4	3	2	false	:page_facing_up: CLI tool for checking license headers in files
bytes_formater	manyuanrong/bytes_formater	https://github.com/manyuanrong/bytes_formater	3	3	3	1	false	Formatting bytes(Uint8Array„ÄÅUint16Array„ÄÅUint32Array„ÄÅArrayBufferView..) output, is very useful when debugging IO functions
deno-data-format-converter	ebebbington/deno-data-format-converter	https://github.com/ebebbington/deno-data-format-converter	3	1	3	2	false	Data Format Converter for Deno: XML, JSON, CSV
markdown	ubersl0th/markdown	https://github.com/ubersl0th/markdown	3	1	3	2	false	Deno Markdown module forked from https://github.com/ts-stack/markdown/tree/bb47aa8e625e89e6aa84f49a98536a3089dee831
value-schema	shimataro/value-schema	https://github.com/shimataro/value-schema	3	1	3	1	false	simple, easy-to-use, and declarative schema validator, supports Node.js, TypeScript, and Deno
cursor	iAmNathanJ/cursor	https://github.com/iAmNathanJ/cursor	3	1	3	1	false	ANSI control sequences for your terminal cursor
dance	dance-planner/dance	https://github.com/dance-planner/dance	3	1	3	1	false	ü¶ï    Module for Dance Fans üíÉüï∫üëØ‚Äç‚ôÄÔ∏è. Providing Dance Events etc.
dash	xpyxel/dash	https://github.com/xpyxel/dash	3	1	3	1	false	Simple, fast, and efficient cache library for Deno 
deno_notify	PandawanFr/deno_notify	https://github.com/PandawanFr/deno_notify	3	1	3	1	false	Send desktop notifications on all platforms in Deno
deno-exec	gpasq/deno-exec	https://github.com/gpasq/deno-exec	3	1	3	1	false	
learn	fancy-flashcard/learn	https://github.com/fancy-flashcard/learn	3	0	3	2	false	This  ü¶ï      module is inspired by an education project of DHBW Mannheim. It optimizes learning processes.  üöÄ 
deno_git	justjavac/deno_git	https://github.com/justjavac/deno_git	3	0	3	1	false	libgit2 bindings for Deno
deno_github	justjavac/deno_github	https://github.com/justjavac/deno_github	3	0	3	1	false	The GitHub API for Deno
bump	iAmNathanJ/bump	https://github.com/iAmNathanJ/bump	3	0	3	1	false	Project versioning tool for Deno
deno-markdown	JasonHughes94/deno-markdown	https://github.com/JasonHughes94/deno-markdown	3	0	3	1	false	Generate markdown files with ease ü¶ï
docopt.js	Eyal-Shalev/docopt.js	https://github.com/Eyal-Shalev/docopt.js	3	0	3	1	false	command line option parser, that will make you smile
explicitly	RobDWaller/explicitly	https://github.com/RobDWaller/explicitly	3	0	3	1	false	Additional assertions for Deno so developers can write more explicit unit tests.
levenshtein	aosync/levenshtein	https://github.com/aosync/levenshtein	3	0	3	1	false	Deno module to compute the Levenshtein distance between two strings
pubsub	zorbyte/pubsub	https://github.com/zorbyte/pubsub	3	0	3	1	false	A simple PubSub module for Deno.
serialize-xml	olaven/serialize-xml	https://github.com/olaven/serialize-xml	3	0	3	1	false	Serialize (i.e. stringify) an object into xml string. 
deno-sparkpost	hayd/deno-sparkpost	https://github.com/hayd/deno-sparkpost	3	0	3	1	false	Send emails from deno via the SparkPost API
websocket_server	JohanWinther/websocket_server	https://github.com/JohanWinther/websocket_server	3	0	3	1	false	A WebSocket server library for Deno üîå
deno-prompt	akunchen/deno-prompt	https://github.com/akunchen/deno-prompt	3	0	3	0	false	
cache	denosaurs/cache	https://github.com/denosaurs/cache	3	0	3	0	false	ü•å Deno cache library
dino_env	crewdevio/dino_env	https://github.com/crewdevio/dino_env	3	0	3	0	false	üåà manage environment variables with deno.
handlebars	alosaur/handlebars	https://github.com/alosaur/handlebars	2	3	2	1	false	Handlebars template engine for Deno
jsx-html	apiel/jsx-html	https://github.com/apiel/jsx-html	2	2	2	1	false	
request	michael-spengler/request	https://github.com/michael-spengler/request	2	1	2	2	false	API Calls - as simple as it gets :) 
meteorite	AhmedAlYousif/meteorite	https://github.com/AhmedAlYousif/meteorite	2	1	2	2	false	a framework to build REST APIs in Deno runtime.
short_uuid	jeanlescure/short_uuid	https://github.com/jeanlescure/short_uuid	2	1	2	2	false	Deno module used for generating random or sequential UUID of any length
bb64	denjucks/bb64	https://github.com/denjucks/bb64	2	1	2	1	false	Easy to use Deno Base64 Encoder and Decoder for JavaScript and TypeScript
cmd	acathur/cmd	https://github.com/acathur/cmd	2	1	2	1	false	Commander.js (command-line interfaces) for Deno.
curve25519	chiefbiiko/curve25519	https://github.com/chiefbiiko/curve25519	2	1	2	1	false	djb's Curve25519 in TypeScript
deno-databatcher	allain/deno-databatcher	https://github.com/allain/deno-databatcher	2	1	2	1	false	DataBatcher implementation in deno
deno-weather	yeukfei02/deno-weather	https://github.com/yeukfei02/deno-weather	2	1	2	1	false	get current weather by city name, state and country code
json-server	magnattic/json-server	https://github.com/magnattic/json-server	2	1	2	1	false	Zero code fake backend for development
keypress	dmitriytat/keypress	https://github.com/dmitriytat/keypress	2	1	2	1	false	Deno keypress reader
opine-http-proxy	asos-craigmorten/opine-http-proxy	https://github.com/asos-craigmorten/opine-http-proxy	2	1	2	1	false	Proxy middleware for Deno Opine HTTP servers.
organ	denjucks/organ	https://github.com/denjucks/organ	2	1	2	1	false	Organ - Logging middleware for the Oak framework based on the Morgan library for ExpressJS from Node.
deno-progressbar	jakobhellermann/deno-progressbar	https://github.com/jakobhellermann/deno-progressbar	2	1	2	1	false	a terminal progressbar for deno
tbl	jozsefsallai/tbl	https://github.com/jozsefsallai/tbl	2	1	2	1	false	tiny and versatile command-line table generator for deno
deno-username	justjavac/deno-username	https://github.com/justjavac/deno-username	2	1	2	1	false	Get the username of the current user
compress	deno-library/compress	https://github.com/deno-library/compress	2	1	2	0	false	compress and uncompress for Deno
sha256	chiefbiiko/sha256	https://github.com/chiefbiiko/sha256	2	1	2	0	false	SHA2-256 4 Deno
clone	ekaragodin/clone	https://github.com/ekaragodin/clone	2	1	2	0	false	A simple utility for the convenient clone
deno-faker	jackfiszr/deno-faker	https://github.com/jackfiszr/deno-faker	2	1	2	0	false	Deno port of https://github.com/Marak/faker.js
scrypt	denorg/scrypt	https://github.com/denorg/scrypt	2	0	2	6	false	üîë Deno library for hashing passwords using scrypt
deno-fen-oauth-server	authlete/deno-fen-oauth-server	https://github.com/authlete/deno-fen-oauth-server	2	0	2	6	false	
deno-compose	KSXGitHub/deno-compose	https://github.com/KSXGitHub/deno-compose	2	0	2	2	false	pipe, pipeline, and compose functions with 64 overloads per function.
deno-context	Code-Hex/deno-context	https://github.com/Code-Hex/deno-context	2	0	2	2	false	ü¶ï„ÄêDeno„ÄëPropagate deadlines, a cancellation and other request-scoped values to multiple promise.
deno_app_setuper	alreadyExisted/deno_app_setuper	https://github.com/alreadyExisted/deno_app_setuper	2	0	2	2	false	A CLI to setup apps like a Create React App
velo	velo-org/velo	https://github.com/velo-org/velo	2	0	2	2	false	Performant Cache implementations for Deno. Supports LRU, LFU, ARC and other caching policies.
deno_color_name	justjavac/deno_color_name	https://github.com/justjavac/deno_color_name	2	0	2	1	false	A list of color names and its values
AloeDB	Kirlovon/AloeDB	https://github.com/Kirlovon/AloeDB	2	0	2	1	false	Light, Embeddable, NoSQL database for Deno
kall	olaven/kall	https://github.com/olaven/kall	2	0	2	1	false	A lightweight fetch-wrapper for calling REST+JSON-APIs
paleontologist	TrueWill/paleontologist	https://github.com/TrueWill/paleontologist	2	0	2	1	false	Scientist-like module for Deno in TypeScript
postjs	postui/postjs	https://github.com/postui/postjs	2	0	2	1	false	The radical new Front-End Framework in deno.
deno-slash	justjavac/deno-slash	https://github.com/justjavac/deno-slash	2	0	2	1	false	Convert Windows backslash paths to slash paths
30-seconds-of-typescript	deepakshrma/30-seconds-of-typescript	https://github.com/deepakshrma/30-seconds-of-typescript	2	0	2	1	false	
a1	maheshkareeya/a1	https://github.com/maheshkareeya/a1	2	0	2	1	false	A1 Is Javascript Micro framework for rapid API Development
deno_shot	fakoua/deno_shot	https://github.com/fakoua/deno_shot	2	0	2	1	false	Deno WebCapture module
docable	drashland/docable	https://github.com/drashland/docable	2	0	2	1	false	An open-source doc block parser for generating documenation as JSON.
dpng	martonlederer/dpng	https://github.com/martonlederer/dpng	2	0	2	1	false	Easily create image files with Deno
deno_html	denomod/deno_html	https://github.com/denomod/deno_html	2	0	2	1	false	Useful template literal tag for create html strings in ES2015+
deno-pipeline	Focinfi/deno-pipeline	https://github.com/Focinfi/deno-pipeline	2	0	2	1	false	Configurable data pipeline in Deno
deno-remove-forever	oganexon/deno-remove-forever	https://github.com/oganexon/deno-remove-forever	2	0	2	1	false	Data erasure solution for files on deno ü¶ï
deno-rsync-parser	daniel-araujo/deno-rsync-parser	https://github.com/daniel-araujo/deno-rsync-parser	2	0	2	1	false	Parses the output of rsync when called with the `--itemize-changes` option. This allows you to programmatically identify files that got created, updated and deleted. Output can be in the form of strings and streams.
deno_sqs	lucacasonato/deno_sqs	https://github.com/lucacasonato/deno_sqs	2	0	2	1	false	Amazon SQS for Deno
teddytags	teddytags/teddytags	https://github.com/teddytags/teddytags	2	0	2	1	false	üêª The superfast way to custom elements.
deno_tokenizer	eliassjogreen/deno_tokenizer	https://github.com/eliassjogreen/deno_tokenizer	2	0	2	1	false	‚öôÔ∏è A simple tokenizer for deno
yaml-wasm	KSXGitHub/yaml-wasm	https://github.com/KSXGitHub/yaml-wasm	2	0	2	1	false	WebAssembly module to parse YAML
deno-zstd	xpyxel/deno-zstd	https://github.com/xpyxel/deno-zstd	2	0	2	1	true	Zstd bindings for the Deno TypeScript/JavaScript runtime
duck	youngjuning/duck	https://github.com/youngjuning/duck	2	0	2	1	false	Simple dynamic router register for Deno
testing	luca-rand/testing	https://github.com/luca-rand/testing	2	0	2	1	false	Move along, just for testing
consistent_task_dispatcher	10yung/consistent_task_dispatcher	https://github.com/10yung/consistent_task_dispatcher	2	0	2	0	false	A task dispatcher widget using consistent hashing 
base64	chiefbiiko/base64	https://github.com/chiefbiiko/base64	2	0	2	0	false	base64 strings from/to Uint8Arrays
DenoWiki	el3um4s/DenoWiki	https://github.com/el3um4s/DenoWiki	2	0	2	0	false	A simple API for DenoJS to query Wikipedia and parse the results.
graphql-ts	simwipado/graphql-ts	https://github.com/simwipado/graphql-ts	2	0	2	0	false	A reference implementation of GraphQL for JavaScript
deno-purify	aynik/deno-purify	https://github.com/aynik/deno-purify	2	0	2	0	false	Functional programming library for TypeScript, Ported to Deno - https://gigobyte.github.io/purify/
tweetnacl-deno	dr-useless/tweetnacl-deno	https://github.com/dr-useless/tweetnacl-deno	1	2	1	1	false	Port of TweetNaCl cryptographic library to TypeScript for Deno
input-deno	keegandonley/input-deno	https://github.com/keegandonley/input-deno	1	2	1	1	false	CLI user input handler for Deno
deno-giphy-api	yeukfei02/deno-giphy-api	https://github.com/yeukfei02/deno-giphy-api	1	1	1	1	false	giphy api in deno
deno-htmlparser2	tbjgolden/deno-htmlparser2	https://github.com/tbjgolden/deno-htmlparser2	1	1	1	1	false	Deno port of `htmlparser2`
linkedlist	dmpjs/linkedlist	https://github.com/dmpjs/linkedlist	1	1	1	1	false	A doubly linked list (Bi-directional) implementation.
authlete-deno	authlete/authlete-deno	https://github.com/authlete/authlete-deno	1	0	1	6	false	
invert-kv	denorg/invert-kv	https://github.com/denorg/invert-kv	1	0	1	5	false	üôÉ Invert key-value pairs in an object, e.g., { foo: "bar" } ‚Üí { bar: "foo" }
online	denorg/online	https://github.com/denorg/online	1	0	1	5	false	üï∏Ô∏è Check if you're currently online in Deno
caller	apiel/caller	https://github.com/apiel/caller	1	0	1	2	false	
awaitable_mutex	Matthew-Smith/awaitable_mutex	https://github.com/Matthew-Smith/awaitable_mutex	1	0	1	2	false	Deno module for blocking execution of a section of code to one at a time
annotated-csv-parser	tiagostutz/annotated-csv-parser	https://github.com/tiagostutz/annotated-csv-parser	1	0	1	2	false	Parser for Flux annotated CSV data https://v2.docs.influxdata.com/v2.0/reference/syntax/annotated-csv/
deno_pool	axetroy/deno_pool	https://github.com/axetroy/deno_pool	1	0	1	2	false	Generic pool for Deno
nkeys.js	nats-io/nkeys.js	https://github.com/nats-io/nkeys.js	1	0	1	2	false	NKeys for JavaScript - Node.js, Browsers, and Deno.
Thread	duart38/Thread	https://github.com/duart38/Thread	1	0	1	2	false	type safe multi-threading made 'easier'
gaussian	deanlyz/gaussian	https://github.com/deanlyz/gaussian	1	0	1	1	false	A Typescript model of the Normal (or Gaussian) distribution for Deno.
cfg	ymonb1291/cfg	https://github.com/ymonb1291/cfg	1	0	1	1	false	Configuration handler for deno with support for .env and scopes
date-format-deno	Uzumachi02/date-format-deno	https://github.com/Uzumachi02/date-format-deno	1	0	1	1	false	Simple helper for Deno to convert Date format to string. Possibility to use predefined or custom formats.
deno-vendors	justjavac/deno-vendors	https://github.com/justjavac/deno-vendors	1	0	1	1	false	List of vendor prefixes known to the web platform
aspect_ratio	runlevel5/aspect_ratio	https://github.com/runlevel5/aspect_ratio	1	0	1	1	false	A TypeScript module for image aspect calculation
accepts	ako-deno/accepts	https://github.com/ako-deno/accepts	1	0	1	1	false	Higher level content negotiation for Deno.
adka_server	apiel/adka_server	https://github.com/apiel/adka_server	1	0	1	1	false	
ts-arrays	damianperera/ts-arrays	https://github.com/damianperera/ts-arrays	1	0	1	1	false	Provides utility methods for common Array operations
ascii_table	eeve/ascii_table	https://github.com/eeve/ascii_table	1	0	1	1	false	Easy table output for deno debugging, but you could probably do more with it,  since its just a string.
audit	maximousblk/audit	https://github.com/maximousblk/audit	1	0	1	1	false	Add an audit notification for insecure versions of your modules
bigfloat-deno	davidmartinez10/bigfloat-deno	https://github.com/davidmartinez10/bigfloat-deno	1	0	1	1	false	A library for arbitrary precision decimal floating point arithmetic.
blake2b	chiefbiiko/blake2b	https://github.com/chiefbiiko/blake2b	1	0	1	1	false	BLAKE2b implemented in WebAssembly
deno_body_parser	Cretezy/deno_body_parser	https://github.com/Cretezy/deno_body_parser	1	0	1	1	false	A generic HTTP body parser for Deno
config	eankeen/config	https://github.com/eankeen/config	1	0	1	1	false	A deno module that helps you load configuration
deno_cross_env	axetroy/deno_cross_env	https://github.com/axetroy/deno_cross_env	1	0	1	1	false	A cli tool for setting environment variables across platforms
Damerau-Levenshtein	el3um4s/Damerau-Levenshtein	https://github.com/el3um4s/Damerau-Levenshtein	1	0	1	1	false	Calculate the Damerau‚ÄìLevenshtein distance between strings.
den	apiel/den	https://github.com/apiel/den	1	0	1	1	false	A better deno cli :p A wrapper of deno cli to give some extra features.
deno_util	deepakshrma/deno_util	https://github.com/deepakshrma/deno_util	1	0	1	1	false	A collection of util libraries for Deno like logger [supports color, format, level], prompts [password]
escape_html	ako-deno/escape_html	https://github.com/ako-deno/escape_html	1	0	1	1	false	Escape string for use in HTML for Deno
events	deno-library/events	https://github.com/deno-library/events	1	0	1	1	false	EventEmitter for deno
fs_cli	franckLdx/fs_cli	https://github.com/franckLdx/fs_cli	1	0	1	1	false	A deno tool to clean a bundle: delete, some directories, some files ...
deno-getfiles	lencx/deno-getfiles	https://github.com/lencx/deno-getfiles	1	0	1	1	false	üìÇ Recursively get all files in a directory
iro	jozsefsallai/iro	https://github.com/jozsefsallai/iro	1	0	1	1	false	Fast and clean terminal coloring and styling utility for Deno and Node.js.
simple-js-yaml-port-for-deno	KSXGitHub/simple-js-yaml-port-for-deno	https://github.com/KSXGitHub/simple-js-yaml-port-for-deno	1	0	1	1	false	This is a simple and crude port of JS-YAML for Deno.
deno-libhydrogen	chiefbiiko/deno-libhydrogen	https://github.com/chiefbiiko/deno-libhydrogen	1	0	1	1	false	deno plugin 2 libhydrogen
logol	apiel/logol	https://github.com/apiel/logol	1	0	1	1	false	
Maybe	iMarv/Maybe	https://github.com/iMarv/Maybe	1	0	1	1	false	A deno module for handling null and undefined values, inspired by Rusts Option<T>
mercuriceratops	spitlo/mercuriceratops	https://github.com/spitlo/mercuriceratops	1	0	1	1	false	A very basic client for Gemini, written for Deno
metle	JWebCoder/metle	https://github.com/JWebCoder/metle	1	0	1	1	false	memory storage with ttl and reset after request quantity
mith_router	JWebCoder/mith_router	https://github.com/JWebCoder/mith_router	1	0	1	1	false	Routing system for Mith framework
modify-via-query	wongjiahau/modify-via-query	https://github.com/wongjiahau/modify-via-query	1	0	1	1	false	Natural and type-safe query to mutate a copy of data without changing the original source 
mongo_query_dot_notation	skyledge/mongo_query_dot_notation	https://github.com/skyledge/mongo_query_dot_notation	1	0	1	1	false	Fast, lightweight library to transform objects to mongo update instructions using operators and dot notation. Ported from Node to Deno.
deno-murmurhash	justjavac/deno-murmurhash	https://github.com/justjavac/deno-murmurhash	1	0	1	1	false	An incremental implementation of MurmurHash3 for JavaScript
oak_middlewares	deepakshrma/oak_middlewares	https://github.com/deepakshrma/oak_middlewares	1	0	1	1	false	A collection of middleware for the oak framework. https://github.com/oakserver/
optic	onjara/optic	https://github.com/onjara/optic	1	0	1	1	false	A powerful logging framework for Deno
random	vincentvictoria/random	https://github.com/vincentvictoria/random	1	0	1	1	false	
deno-readline	vslinko/deno-readline	https://github.com/vslinko/deno-readline	1	0	1	1	false	
response-time	JohannLai/response-time	https://github.com/JohannLai/response-time	1	0	1	1	false	X-Response-Time middleware for Deno serve.
retry	franckLdx/retry	https://github.com/franckLdx/retry	1	0	1	1	false	Re-execute a function until it does not throw an error
secure-compare	hkatzdev/secure-compare	https://github.com/hkatzdev/secure-compare	1	0	1	1	false	Constant-time comparison algorithm to prevent timing attacks (Deno edition)
sha2	glatan/sha2	https://github.com/glatan/sha2	1	0	1	1	false	SHA-2 family for Deno.
shodan_deno	aldinp16/shodan_deno	https://github.com/aldinp16/shodan_deno	1	0	1	1	false	Simple Shodan API Wrapper For Deno
simple_slackbot	cesar-faria/simple_slackbot	https://github.com/cesar-faria/simple_slackbot	1	0	1	1	false	
deno-sql	yourtion/deno-sql	https://github.com/yourtion/deno-sql	1	0	1	1	false	Powerful and Easy use SQL Query Builder on Deno From @leizm/sql
ssds-deno	claytsay/ssds-deno	https://github.com/claytsay/ssds-deno	1	0	1	1	false	Some Specialized Data Structures for Deno.
deno_run_tests_on_localhost	KSXGitHub/deno_run_tests_on_localhost	https://github.com/KSXGitHub/deno_run_tests_on_localhost	1	0	1	1	false	Create a localhost server and run tests
thai-baht-text-deno	pthongtaem/thai-baht-text-deno	https://github.com/pthongtaem/thai-baht-text-deno	1	0	1	1	false	Convert number to Thai Baht as Text
tinyfiledialogs-deno	Srinivasa314/tinyfiledialogs-deno	https://github.com/Srinivasa314/tinyfiledialogs-deno	1	0	1	1	false	A library for displaying various kinds of dialogs. It is a wrapper of tinyfiledialogs-rs
deno-tree	KSXGitHub/deno-tree	https://github.com/KSXGitHub/deno-tree	1	0	1	1	false	Deno's library to traverse filesystem tree.
type_is	ako-deno/type_is	https://github.com/ako-deno/type_is	1	0	1	1	false	Infer the content-type of a HTTP Header for Deno
utilities	michael-spengler/utilities	https://github.com/michael-spengler/utilities	1	0	1	1	false	ü¶ï    module for several kinds of utilities üõ†   like random delays, shuffling array contents etc. Feel free to add stuff you find useful via PR. ü§ì
denarius	kyaruary/denarius	https://github.com/kyaruary/denarius	1	0	1	1	false	deno web framewrok maybe :<
deno-events	envis10n/deno-events	https://github.com/envis10n/deno-events	1	0	1	1	false	EventEmitter for Deno, based on EE-TS
deno-telnet	envis10n/deno-telnet	https://github.com/envis10n/deno-telnet	1	0	1	1	false	Telnet / GMCP helper and parser for Deno.
force	fakoua/force	https://github.com/fakoua/force	1	0	1	1	false	A Modern Flat-File CMS for Deno.
denosh	denosh/denosh	https://github.com/denosh/denosh	1	0	1	1	false	A cli solution for Deno
garn-validator	jupegarnica/garn-validator	https://github.com/jupegarnica/garn-validator	1	0	1	1	false	Ultra fast runtime type validator without dependencies.
better_permissions	rafaelmotaalves/better_permissions	https://github.com/rafaelmotaalves/better_permissions	1	0	1	0	false	A nicer way to handle permissions on Deno
unrar	deno-library/unrar	https://github.com/deno-library/unrar	1	0	1	0	false	
temperature	Snowflake107/temperature	https://github.com/Snowflake107/temperature	1	0	1	0	false	Simple package for deno to convert temperature.
deno-adodb	el3um4s/deno-adodb	https://github.com/el3um4s/deno-adodb	1	0	1	0	false	A deno.js javascript client implementing the ADODB protocol on windows.
chacha20-poly1305	chiefbiiko/chacha20-poly1305	https://github.com/chiefbiiko/chacha20-poly1305	1	0	1	0	false	Authenticated Encryption with Associated Data
deno	ts-graphviz/deno	https://github.com/ts-graphviz/deno	1	0	1	0	false	ü¶ï Simple Graphviz library for Deno.
ini	chances/ini	https://github.com/chances/ini	1	0	1	0	false	An ini parser/serializer in TypeScript for the Deno runtime
microraptor	matteocrippa/microraptor	https://github.com/matteocrippa/microraptor	1	0	1	0	false	A deno lightweight middleware for easy REST development.
nonstd	deno-nonstd/nonstd	https://github.com/deno-nonstd/nonstd	1	0	1	0	false	A library for useful features that aren't currently in the std library.
pg	deno-library/pg	https://github.com/deno-library/pg	1	0	1	0	false	PostgreSQL client for Deno
deno-pg-format	grantcarthew/deno-pg-format	https://github.com/grantcarthew/deno-pg-format	1	0	1	0	false	Deno implementation of PostgreSQL's format() to safely create dynamic SQL queries.
proxy-bind	imcotton/proxy-bind	https://github.com/imcotton/proxy-bind	1	0	1	0	false	foobar.fn.bind(foobar) -> bind(foobar).fn
supermemo	Maxvien/supermemo	https://github.com/Maxvien/supermemo	1	0	1	0	false	üßë‚Äçüéì  A JavaScript/TypeScript implementation of the SuperMemo 2 (SM2) algorithm for spaced based repetition flashcards.
zap	deno-nonstd/zap	https://github.com/deno-nonstd/zap	1	0	1	0	false	Adds a config file to make it easier to use complex Deno shell commands.
promisub	approvers/promisub	https://github.com/approvers/promisub	1	0	1	0	false	The subscription utility by Promise in Deno.
deno_case_style	zekth/deno_case_style	https://github.com/zekth/deno_case_style	0	1	0	1	false	A string validator and formater for case Style
deno-conf	lemarier/deno-conf	https://github.com/lemarier/deno-conf	0	1	0	1	false	Simple config handling for your app or module with Deno.
deno-string-validator	okwudav/deno-string-validator	https://github.com/okwudav/deno-string-validator	0	1	0	1	false	String validation for Deno, inspired by Validator.js =>
denoforge	denjucks/denoforge	https://github.com/denjucks/denoforge	0	1	0	1	false	Deno data science library similar to Python's Pandas. Port of the NodeJS library data-forge
diosaur	ovesco/diosaur	https://github.com/ovesco/diosaur	0	1	0	1	false	A dependency injection library for Deno
helix	rodolphocastro/helix	https://github.com/rodolphocastro/helix	0	1	0	1	false	Helix is a simple wrapper for NPM commands written in Deno
deno-task-runner-v2	ebebbington/deno-task-runner-v2	https://github.com/ebebbington/deno-task-runner-v2	0	1	0	1	false	Version 2 of deno-task-runner to fix issues
nattramn	Vufuzi/nattramn	https://github.com/Vufuzi/nattramn	0	1	0	0	false	Universal web applications with Deno.
sha1	chiefbiiko/sha1	https://github.com/chiefbiiko/sha1	0	1	0	0	false	
sha512	chiefbiiko/sha512	https://github.com/chiefbiiko/sha512	0	1	0	0	false	
get-ip	denorg/get-ip	https://github.com/denorg/get-ip	0	0	0	5	false	üåê Get your public IP address in Deno
humanize-url	denorg/humanize-url	https://github.com/denorg/humanize-url	0	0	0	5	false	üîó Humanize a URL in Deno https://yogi.codes ‚Üí yogi.codes
is-docker	denorg/is-docker	https://github.com/denorg/is-docker	0	0	0	5	false	üê≥ Check if the process is running inside a Docker container in Deno
is-wsl	denorg/is-wsl	https://github.com/denorg/is-wsl	0	0	0	3	false	Check if the process is running inside a WSL enviroment in Deno
xchacha20-poly1305	chiefbiiko/xchacha20-poly1305	https://github.com/chiefbiiko/xchacha20-poly1305	0	0	0	2	false	XChaCha20-Poly1305
deps	denosaurs/deps	https://github.com/denosaurs/deps	0	0	0	2	false	üï¥deps.ts manager for Deno [highly WIP]
negotiator	ako-deno/negotiator	https://github.com/ako-deno/negotiator	0	0	0	2	false	An HTTP content negotiator for Deno.
arch	denorg/arch	https://github.com/denorg/arch	0	0	0	1	false	Detect OS architecture
bandwidth-throttle-stream	patrickkunka/bandwidth-throttle-stream	https://github.com/patrickkunka/bandwidth-throttle-stream	0	0	0	1	false	A Node.js and Deno transform stream for throttling bandwidth
class-transformer	Tnifey/class-transformer	https://github.com/Tnifey/class-transformer	0	0	0	1	false	Deno port of class-transformer
content_type	ako-deno/content_type	https://github.com/ako-deno/content_type	0	0	0	1	false	Create and parse HTTP Content-Type header according to RFC 7231 for Deno
crontab-deno	jchen1/crontab-deno	https://github.com/jchen1/crontab-deno	0	0	0	1	false	simple cron-based job runner for deno
currencyFinder	yeukfei02/currencyFinder	https://github.com/yeukfei02/currencyFinder	0	0	0	1	false	find currency information in deno
datauri-deno	data-uri/datauri-deno	https://github.com/data-uri/datauri-deno	0	0	0	1	false	Deno module to generate Data URI schemes
dedupe	asabya/dedupe	https://github.com/asabya/dedupe	0	0	0	1	false	removes duplicates from your array.
deno-check-thai-pid	thiti-y/deno-check-thai-pid	https://github.com/thiti-y/deno-check-thai-pid	0	0	0	1	false	
deno-context-finder	ebebbington/deno-context-finder	https://github.com/ebebbington/deno-context-finder	0	0	0	1	false	Extract context blocks from a configuration file
deno-google-protobuf	marcushultman/deno-google-protobuf	https://github.com/marcushultman/deno-google-protobuf	0	0	0	1	false	
deno_minimist	FaberVitale/deno_minimist	https://github.com/FaberVitale/deno_minimist	0	0	0	1	false	üíæ Parses command line arguments. Port & rewrite of the node library minimist
deno-pixabay	yeukfei02/deno-pixabay	https://github.com/yeukfei02/deno-pixabay	0	0	0	1	false	search image and video from pixabay in deno
deno-plural	mauroerta/deno-plural	https://github.com/mauroerta/deno-plural	0	0	0	1	false	deno-plural module helps you to pluralize or singularize a given word.
deno-tft	FriendlyUser/deno-tft	https://github.com/FriendlyUser/deno-tft	0	0	0	1	false	
distance-calculator	michael-spengler/distance-calculator	https://github.com/michael-spengler/distance-calculator	0	0	0	1	false	ü¶ï  Module to calculate distances based on latitude & longitude geocoordinates.
dnit	PaulThompson/dnit	https://github.com/PaulThompson/dnit	0	0	0	1	false	DNT Typescript Deno task executor
deno_dockernames	rodolphocastro/deno_dockernames	https://github.com/rodolphocastro/deno_dockernames	0	0	0	1	false	Moby's name generation now in Deno!
domdom-deno	eirikb/domdom-deno	https://github.com/eirikb/domdom-deno	0	0	0	1	false	The proactive web framework for the unprofessional - Deno build
dunner	luvies/dunner	https://github.com/luvies/dunner	0	0	0	1	false	A flexible declarative task runner inspired by make/jake
encodeurl	ako-deno/encodeurl	https://github.com/ako-deno/encodeurl	0	0	0	1	false	Encode a URL to a percent-encoded form, excluding already-encoded sequences. Build for Deno
encoding-wasm	marcosc90/encoding-wasm	https://github.com/marcosc90/encoding-wasm	0	0	0	1	false	WASM Base64 encoder/decoder
ensure	eankeen/ensure	https://github.com/eankeen/ensure	0	0	0	1	false	Ensure you are running a minimum version of Deno, Typescript, or V8
deno-env-paths	lemarier/deno-env-paths	https://github.com/lemarier/deno-env-paths	0	0	0	1	false	Get paths for storing things like data, config, cache, etc with Deno.
escape_string_regexp	asabya/escape_string_regexp	https://github.com/asabya/escape_string_regexp	0	0	0	1	false	Escape RegExp special characters
exec	acathur/exec	https://github.com/acathur/exec	0	0	0	1	false	Execute and get the output of a shell or bash command in Deno.
deno_fastlist	MarkTiedemann/deno_fastlist	https://github.com/MarkTiedemann/deno_fastlist	0	0	0	1	false	List all running processes on Windows.
favQuote-cli	yeukfei02/favQuote-cli	https://github.com/yeukfei02/favQuote-cli	0	0	0	1	false	Get favourite or random quote cli
fresh-deno	ako-deno/fresh-deno	https://github.com/ako-deno/fresh-deno	0	0	0	1	false	
geosearch-deno	bartholomej/geosearch-deno	https://github.com/bartholomej/geosearch-deno	0	0	0	1	false	Simple Deno CLI library to find places all around the world
hchacha20	chiefbiiko/hchacha20	https://github.com/chiefbiiko/hchacha20	0	0	0	1	false	HChaCha20
deno-hctk	miZyind/deno-hctk	https://github.com/miZyind/deno-hctk	0	0	0	1	false	Deno HantChar to Keyboard Êº¢Â≠óËΩâÈçµÁõ§ÈÖçÁΩÆ
hk-stock-api	yeukfei02/hk-stock-api	https://github.com/yeukfei02/hk-stock-api	0	0	0	1	false	get hk stock information in deno
hk-stock-cli	yeukfei02/hk-stock-cli	https://github.com/yeukfei02/hk-stock-cli	0	0	0	1	false	Get hk stock information cli
deno_hooked	luvies/deno_hooked	https://github.com/luvies/deno_hooked	0	0	0	1	false	A simple single file test module providing grouping and hooks.
deno_html_entities	matschik/deno_html_entities	https://github.com/matschik/deno_html_entities	0	0	0	1	false	Fast html entities decode & encode library for Deno.
http_errors	ako-deno/http_errors	https://github.com/ako-deno/http_errors	0	0	0	1	false	Create HTTP Error for Deno
isIP	ako-deno/isIP	https://github.com/ako-deno/isIP	0	0	0	1	false	IP address detector for Deno.
is_exe	eankeen/is_exe	https://github.com/eankeen/is_exe	0	0	0	1	false	test if a file is executable
json2yaml	Rikilele/json2yaml	https://github.com/Rikilele/json2yaml	0	0	0	1	false	A Deno module that converts a JSON string to a (pretty) YAML string ü¶ï
keygrip-deno	ako-deno/keygrip-deno	https://github.com/ako-deno/keygrip-deno	0	0	0	1	false	A keygrip implementation in Deno
LRU	liltoto/LRU	https://github.com/liltoto/LRU	0	0	0	1	false	Simple and powerful LRU cache for Deno
mac	acathur/mac	https://github.com/acathur/mac	0	0	0	1	false	Get the MAC addresses of the current machine in Deno.
media_typer	ako-deno/media_typer	https://github.com/ako-deno/media_typer	0	0	0	1	false	Simple RFC 6838 media type parser and formatter for Deno.
minidate	bernardini687/minidate	https://github.com/bernardini687/minidate	0	0	0	1	false	ü¶ï deno utility module for simple date creation
minitable	bernardini687/minitable	https://github.com/bernardini687/minitable	0	0	0	1	false	ü¶ï deno utility module for simple table printing
mith_static	JWebCoder/mith_static	https://github.com/JWebCoder/mith_static	0	0	0	1	false	Serve static files under Mith framework
mixins	udibo/mixins	https://github.com/udibo/mixins	0	0	0	1	false	This module provides a few basic functions to help combine objects or build up classes from partial classes.
mustache	alosaur/mustache	https://github.com/alosaur/mustache	0	0	0	1	false	Template render
deno-ndjson	FaberVitale/deno-ndjson	https://github.com/FaberVitale/deno-ndjson	0	0	0	1	false	Read, write, parse and serialize new line delimited JSON in deno: http://ndjson.org/
deno-once	KSXGitHub/deno-once	https://github.com/KSXGitHub/deno-once	0	0	0	1	false	Create a function that calls and cache a function once
open-deno-weather	FriendlyUser/open-deno-weather	https://github.com/FriendlyUser/open-deno-weather	0	0	0	1	false	Port of my typescript open weather package
poly1305	chiefbiiko/poly1305	https://github.com/chiefbiiko/poly1305	0	0	0	1	false	Poly1305
quarrel	fatalcenturion/quarrel	https://github.com/fatalcenturion/quarrel	0	0	0	1	false	A Deno command line argument parser, highly configurable, and fast (well, not yet)
deno_random_bigint	jacob-ian/deno_random_bigint	https://github.com/jacob-ian/deno_random_bigint	0	0	0	1	false	Generate a random BigInt by bit-length with Deno.
deno_random_primes	jacob-ian/deno_random_primes	https://github.com/jacob-ian/deno_random_primes	0	0	0	1	false	Generate random prime numbers with Deno and the Miller-Rabin test.
resulty	RobDWaller/resulty	https://github.com/RobDWaller/resulty	0	0	0	1	false	Provides simple, Rust-like Result and Option objects for Deno.
Rhino	faustotnc/Rhino	https://github.com/faustotnc/Rhino	0	0	0	1	false	Rhino ü¶è - Deno Framework for scalable APIs.
run_with_limit	alextes/run_with_limit	https://github.com/alextes/run_with_limit	0	0	0	1	false	Run promise-returning & async functions with limited concurrency
deno-shell-escape	KSXGitHub/deno-shell-escape	https://github.com/KSXGitHub/deno-shell-escape	0	0	0	1	false	Escape and stringify an array of arguments to be executed on the shell
deno_simple_type_assert	KSXGitHub/deno_simple_type_assert	https://github.com/KSXGitHub/deno_simple_type_assert	0	0	0	1	false	Simple type assertion library for Deno
skimming	petruki/skimming	https://github.com/petruki/skimming	0	0	0	1	false	Skimming is a search engine module for Deno
store	acathur/store	https://github.com/acathur/store	0	0	0	1	false	A key-value store that persists on disk for Deno.
strcolors.ts	jabernardo/strcolors.ts	https://github.com/jabernardo/strcolors.ts	0	0	0	1	false	FMT String Extensions for Deno
transform	marcosc90/transform	https://github.com/marcosc90/transform	0	0	0	1	false	This package provides wrappers for Deno.Reader that transform the bytes passing through as well as multiple built-in transformers.
troodon	ngutex/troodon	https://github.com/ngutex/troodon	0	0	0	1	false	ü¶ñ Troodon is a Library for Deno to Handle Algorithms
typed_numeric_deno	glatan/typed_numeric_deno	https://github.com/glatan/typed_numeric_deno	0	0	0	1	false	Typed numeric for Deno.
url-join	roonie007/url-join	https://github.com/roonie007/url-join	0	0	0	1	false	A simple port of the NodeJS module url-join to Deno with typescript
url-parse	roonie007/url-parse	https://github.com/roonie007/url-parse	0	0	0	1	false	A simple url builder based on the URL object for Deno with typescript
utfstring	sant123/utfstring	https://github.com/sant123/utfstring	0	0	0	1	false	UTF-safe string operations in Deno
valideno	Caesar2011/valideno	https://github.com/Caesar2011/valideno	0	0	0	1	false	Validate your values and schemes with this extendable validator
vary	ako-deno/vary	https://github.com/ako-deno/vary	0	0	0	1	false	Manipulate the HTTP Vary header for Deno
deno-vicis	r37r0m0d3l/deno-vicis	https://github.com/r37r0m0d3l/deno-vicis	0	0	0	1	false	Presentation and transformation layer for data output in RESTful APIs.
waitgroup-deno	jpwilliams/waitgroup-deno	https://github.com/jpwilliams/waitgroup-deno	0	0	0	1	false	A tiny version of Golang's WaitGroup for Deno with promises and zero dependencies.
deno_worldtides	JWebCoder/deno_worldtides	https://github.com/JWebCoder/deno_worldtides	0	0	0	1	false	Worldtides API wrapper for Deno
xchacha20	chiefbiiko/xchacha20	https://github.com/chiefbiiko/xchacha20	0	0	0	1	false	XChaCha20
deploykit	Yshayy/deploykit	https://github.com/Yshayy/deploykit	0	0	0	1	false	A Deno toolkit for generating deployment configuration files based on Typescript
deno-unique-string	moncefplastin07/deno-unique-string	https://github.com/moncefplastin07/deno-unique-string	0	0	0	1	false	Random and unique string or ID's for Deno
flux-standard-action	arsenykruglikov/flux-standard-action	https://github.com/arsenykruglikov/flux-standard-action	0	0	0	1	false	Port of flux-standard-action npm package for Deno.
pdf	Bunlong/pdf	https://github.com/Bunlong/pdf	0	0	0	1	false	
fetch	Bunlong/fetch	https://github.com/Bunlong/fetch	0	0	0	1	false	
deno-csv	Bunlong/deno-csv	https://github.com/Bunlong/deno-csv	0	0	0	1	false	
barcode	bunlong9/barcode	https://github.com/bunlong9/barcode	0	0	0	1	false	
testEach	littletof/testEach	https://github.com/littletof/testEach	0	0	0	1	false	
deno-qrcode	JSBestPractices/deno-qrcode	https://github.com/JSBestPractices/deno-qrcode	0	0	0	1	false	
dmx	JSBestPractices/dmx	https://github.com/JSBestPractices/dmx	0	0	0	1	false	
csv-generate	bunlong9/csv-generate	https://github.com/bunlong9/csv-generate	0	0	0	1	false	
csv-parse	bunlong9/csv-parse	https://github.com/bunlong9/csv-parse	0	0	0	1	false	
csv-stringify	bunlong9/csv-stringify	https://github.com/bunlong9/csv-stringify	0	0	0	1	false	
csv-stream-transform	bunlong9/csv-stream-transform	https://github.com/bunlong9/csv-stream-transform	0	0	0	1	false	
csv-std	bunlong9/csv-std	https://github.com/bunlong9/csv-std	0	0	0	1	false	
qrcode-std	JSBestPractices/qrcode-std	https://github.com/JSBestPractices/qrcode-std	0	0	0	1	false	
deno-gravatar	moncefplastin07/deno-gravatar	https://github.com/moncefplastin07/deno-gravatar	0	0	0	1	false	Gravatar (Globally Recognized Avatars) for deno
passgen	agm-dev/passgen	https://github.com/agm-dev/passgen	0	0	0	1	false	Util function to generate random passwords
pagespeed	dnrsm/pagespeed	https://github.com/dnrsm/pagespeed	0	0	0	1	false	CLI tool and API Wrapper for the PageSpeed Insights API written in Deno ü¶ï
natav	ziv/natav	https://github.com/ziv/natav	0	0	0	1	false	Deno HTTP Router
impostor	mnmaraes/impostor	https://github.com/mnmaraes/impostor	0	0	0	1	false	
deno_ieee754	justjavac/deno_ieee754	https://github.com/justjavac/deno_ieee754	0	0	0	1	false	Parse IEEE754 floating point numbers for Deno
deno_build	justjavac/deno_build	https://github.com/justjavac/deno_build	0	0	0	1	false	
god_crypto	invisal/god_crypto	https://github.com/invisal/god_crypto	0	0	0	1	false	Pure Javascript/Typescript Crypto Implementation for Deno
sentinel	mnmaraes/sentinel	https://github.com/mnmaraes/sentinel	0	0	0	1	false	A quick and dirty cli time-tracker
craftium	Yovach/craftium	https://github.com/Yovach/craftium	0	0	0	1	false	A panel to manage Minecraft Vanilla server and others servers [BETA]
deno-varint	keithamus/deno-varint	https://github.com/keithamus/deno-varint	0	0	0	1	false	
atenas	atenasjs/atenas	https://github.com/atenasjs/atenas	0	0	0	0	false	The Deno framework for building server-side applications
cli	atenasjs/cli	https://github.com/atenasjs/cli	0	0	0	0	false	The Deno CLI Tool for Atenas
auto-bind	jgchk/auto-bind	https://github.com/jgchk/auto-bind	0	0	0	0	false	automatically bind methods to their class instance üåü‚ú®
boolbase	DenoBRComunitty/boolbase	https://github.com/DenoBRComunitty/boolbase	0	0	0	0	false	Only two functions: one that returns true, one that returns false
calcite-ts	Srinivasa314/calcite-ts	https://github.com/Srinivasa314/calcite-ts	0	0	0	0	false	Typescript helper library for calcite
chacha20	chiefbiiko/chacha20	https://github.com/chiefbiiko/chacha20	0	0	0	0	false	ChaCha20
color-deno	Vuelancer/color-deno	https://github.com/Vuelancer/color-deno	0	0	0	0	false	Deno library for printing colored logs
crc32	deno-library/crc32	https://github.com/deno-library/crc32	0	0	0	0	false	
Deno-F1	bawix/Deno-F1	https://github.com/bawix/Deno-F1	0	0	0	0	false	
deno_http_router	yuenc/deno_http_router	https://github.com/yuenc/deno_http_router	0	0	0	0	false	deno http router
isuuid	deno-library/isuuid	https://github.com/deno-library/isuuid	0	0	0	0	false	uuid check for Deno
logger	deno-library/logger	https://github.com/deno-library/logger	0	0	0	0	false	logger for deno
deno-memoizy	ramiel/deno-memoizy	https://github.com/ramiel/deno-memoizy	0	0	0	0	false	Powerful memoization library for deno
msgpack-deno	Srinivasa314/msgpack-deno	https://github.com/Srinivasa314/msgpack-deno	0	0	0	0	false	msgpack-javascript ported to deno
neta	XiangnianZhou/neta	https://github.com/XiangnianZhou/neta	0	0	0	0	false	A SRT and ASS/SSA  subtitle parser ü¶ï
odds-converter	c-m-hunt/odds-converter	https://github.com/c-m-hunt/odds-converter	0	0	0	0	false	Deno project to convert betting odds
pkce-deno	DiFronzo/pkce-deno	https://github.com/DiFronzo/pkce-deno	0	0	0	0	false	PKCE code verifier and challenge generator for Deno.
propx	LuisPaGarcia/propx	https://github.com/LuisPaGarcia/propx	0	0	0	0	false	Access and create object props safe and with confidence
Specosaur	SachaCR/Specosaur	https://github.com/SachaCR/Specosaur	0	0	0	0	false	Specification pattern library for Deno.
template	deno-library/template	https://github.com/deno-library/template	0	0	0	0	false	Template engine for Deno
xrange	parzh/xrange	https://github.com/parzh/xrange	0	0	0	0	false	Python-esque iterator for number ranges
zlib.es	Brecert/zlib.es	https://github.com/Brecert/zlib.es	0	0	0	0	false	ECMAScript/Deno lightweight zlib implementation
Oak-GraphQL	avalero/Oak-GraphQL	https://github.com/avalero/Oak-GraphQL	0	0	0	0	false	A simple graphql middleware for oak deno framework.
deno-is-email	moncefplastin07/deno-is-email	https://github.com/moncefplastin07/deno-is-email	0	0	0	0	false	email address validation module for Deno üòÅ
usefuljs	ac5tin/usefuljs	https://github.com/ac5tin/usefuljs	0	0	0	0	false	List of js functions that might be useful